alpha2	profile	band	status	selected_resolution	iou	recall	path_bytes	complete_estimate	omissions	note
AD	un	compact	pass	512	0.999767	0.999900	479	759	0	
AD	un	standard	pass	512	0.999789	0.999887	548	828	0	
AD	de_facto	compact	pass	512	0.999767	0.999900	479	759	0	
AD	de_facto	standard	pass	512	0.999789	0.999887	548	828	0	
AE	un	compact	pass	128	0.986007	0.997147	1768	2048	3	
AE	un	standard	pass	512	0.989529	0.999822	5452	5732	0	
AE	de_facto	compact	pass	128	0.986007	0.997147	1768	2048	3	
AE	de_facto	standard	pass	512	0.989529	0.999822	5452	5732	0	
AF	un	compact	pass	160	0.994955	0.997609	2187	2467	0	
AF	un	standard	pass	512	0.999213	0.999595	6529	6809	0	
AF	de_facto	compact	pass	160	0.994955	0.997609	2187	2467	0	
AF	de_facto	standard	pass	512	0.999213	0.999595	6529	6809	0	
AG	un	compact	pass	512	0.998963	0.999222	1026	1306	0	
AG	un	standard	pass	512	0.999422	0.999818	1140	1420	0	
AG	de_facto	compact	pass	512	0.998963	0.999222	1026	1306	0	
AG	de_facto	standard	pass	512	0.999422	0.999818	1140	1420	0	
AI	un	compact	pass	512	0.999086	0.999360	532	812	0	
AI	un	standard	pass	512	0.999096	0.999376	613	893	0	
AI	de_facto	compact	pass	512	0.999086	0.999360	532	812	0	
AI	de_facto	standard	pass	512	0.999096	0.999376	613	893	0	
AL	un	compact	pass	192	0.996567	0.998143	2167	2447	0	
AL	un	standard	pass	512	0.999675	0.999838	4114	4394	0	
AL	de_facto	compact	pass	192	0.996567	0.998143	2167	2447	0	
AL	de_facto	standard	pass	512	0.999675	0.999838	4114	4394	0	
AM	un	compact	pass	128	0.995608	0.998119	2077	2357	0	
AM	un	standard	pass	512	0.998456	0.999945	3692	3972	0	
AM	de_facto	compact	pass	128	0.995608	0.998119	2077	2357	0	
AM	de_facto	standard	pass	512	0.998456	0.999945	3692	3972	0	
AO	un	compact	pass	160	0.997541	0.998977	1952	2232	1	
AO	un	standard	pass	512	0.999463	0.999688	5792	6072	0	
AO	de_facto	compact	pass	160	0.997541	0.998977	1952	2232	1	
AO	de_facto	standard	pass	512	0.999463	0.999688	5792	6072	0	
AQ	un	compact	pass	108	0.970223	0.988429	2142	2422	172	
AQ	un	standard	pass	224	0.977352	0.995025	6570	6850	162	
AQ	de_facto	compact	pass	108	0.970223	0.988429	2142	2422	172	
AQ	de_facto	standard	pass	224	0.977352	0.995025	6570	6850	162	
AR	un	compact	pass	160	0.991687	0.995718	1991	2271	6	
AR	un	standard	pass	512	0.997554	0.998899	7157	7437	3	
AR	de_facto	compact	pass	160	0.991687	0.995718	1991	2271	6	
AR	de_facto	standard	pass	512	0.997554	0.998899	7157	7437	3	
AS	un	compact	pass	512	0.998298	0.998829	408	688	0	
AS	un	standard	pass	512	0.999338	0.999675	466	746	0	
AS	de_facto	compact	pass	512	0.999149	0.999681	438	718	0	
AS	de_facto	standard	pass	512	0.999351	0.999788	492	772	0	
AT	un	compact	pass	128	0.989217	0.994310	1885	2165	0	
AT	un	standard	pass	512	0.999244	0.999586	6190	6470	0	
AT	de_facto	compact	pass	128	0.989217	0.994310	1885	2165	0	
AT	de_facto	standard	pass	512	0.999244	0.999586	6190	6470	0	
AU	un	compact	pass	128	0.986951	0.993451	1791	2071	92	
AU	un	standard	pass	320	0.992385	0.997720	5693	5973	86	
AU	de_facto	compact	pass	192	0.990007	0.995482	2194	2474	94	
AU	de_facto	standard	pass	320	0.991893	0.997102	4320	4600	90	
AW	un	compact	pass	512	0.999537	0.999653	253	533	0	
AW	un	standard	pass	512	0.999557	0.999693	291	571	0	
AW	de_facto	compact	pass	512	0.999537	0.999653	253	533	0	
AW	de_facto	standard	pass	512	0.999557	0.999693	291	571	0	
AX	un	compact	pass	64	0.894640	0.958388	1908	2188	0	
AX	un	standard	pass	512	0.946804	0.999742	4510	4790	0	
AX	de_facto	compact	pass	64	0.894640	0.958388	1908	2188	0	
AX	de_facto	standard	pass	512	0.946804	0.999742	4510	4790	0	
AZ	un	compact	pass	96	0.989775	0.995343	2130	2410	4	
AZ	un	standard	pass	512	0.999002	0.999815	6920	7200	0	
AZ	de_facto	compact	pass	96	0.989775	0.995343	2130	2410	4	
AZ	de_facto	standard	pass	512	0.999002	0.999815	6920	7200	0	
BA	un	compact	pass	128	0.996143	0.997843	1982	2262	0	
BA	un	standard	pass	512	0.999875	0.999955	4857	5137	0	
BA	de_facto	compact	pass	128	0.996143	0.997843	1982	2262	0	
BA	de_facto	standard	pass	512	0.999875	0.999955	4857	5137	0	
BB	un	compact	pass	512	0.999627	0.999876	303	583	0	
BB	un	standard	pass	512	0.999732	0.999942	361	641	0	
BB	de_facto	compact	pass	512	0.999627	0.999876	303	583	0	
BB	de_facto	standard	pass	512	0.999732	0.999942	361	641	0	
BD	un	compact	pass	80	0.965595	0.986849	2026	2306	16	
BD	un	standard	pass	224	0.980336	0.996736	7214	7494	4	
BD	de_facto	compact	pass	80	0.965595	0.986849	2026	2306	16	
BD	de_facto	standard	pass	224	0.980336	0.996736	7214	7494	4	
BE	un	compact	pass	128	0.994268	0.996752	2073	2353	0	
BE	un	standard	pass	512	0.999824	0.999912	5271	5551	0	
BE	de_facto	compact	pass	128	0.994268	0.996752	2073	2353	0	
BE	de_facto	standard	pass	512	0.999824	0.999912	5271	5551	0	
BF	un	compact	pass	160	0.995759	0.997404	1968	2248	0	
BF	un	standard	pass	512	0.999446	0.999773	5459	5739	0	
BF	de_facto	compact	pass	160	0.995759	0.997404	1968	2248	0	
BF	de_facto	standard	pass	512	0.999446	0.999773	5459	5739	0	
BG	un	compact	pass	128	0.995846	0.997999	1923	2203	0	
BG	un	standard	pass	512	0.999662	0.999821	5478	5758	0	
BG	de_facto	compact	pass	128	0.995846	0.997999	1923	2203	0	
BG	de_facto	standard	pass	512	0.999662	0.999821	5478	5758	0	
BH	un	compact	pass	512	0.993724	0.999842	1220	1500	0	
BH	un	standard	pass	512	0.993493	0.999926	1392	1672	0	
BH	de_facto	compact	pass	512	0.993724	0.999842	1220	1500	0	
BH	de_facto	standard	pass	512	0.993493	0.999926	1392	1672	0	
BI	un	compact	pass	256	0.999779	0.999926	2115	2395	0	
BI	un	standard	pass	512	0.999957	0.999978	2777	3057	0	
BI	de_facto	compact	pass	256	0.999779	0.999926	2115	2395	0	
BI	de_facto	standard	pass	512	0.999957	0.999978	2777	3057	0	
BJ	un	compact	pass	256	0.998091	0.998868	1958	2238	0	
BJ	un	standard	pass	512	0.999603	0.999802	3476	3756	0	
BJ	de_facto	compact	pass	256	0.998091	0.998868	1958	2238	0	
BJ	de_facto	standard	pass	512	0.999603	0.999802	3476	3756	0	
BL	un	compact	pass	512	0.998499	0.998817	118	398	0	
BL	un	standard	pass	512	0.998365	0.998685	123	403	0	
BL	de_facto	compact	pass	512	0.998499	0.998817	118	398	0	
BL	de_facto	standard	pass	512	0.998365	0.998685	123	403	0	
BM	un	compact	pass	512	0.998467	0.999442	805	1085	0	
BM	un	standard	pass	512	0.998312	0.999278	938	1218	0	
BM	de_facto	compact	pass	512	0.998467	0.999442	805	1085	0	
BM	de_facto	standard	pass	512	0.998312	0.999278	938	1218	0	
BN	un	compact	pass	512	0.999862	0.999862	1352	1632	0	
BN	un	standard	pass	512	0.999822	0.999903	1542	1822	0	
BN	de_facto	compact	pass	512	0.999862	0.999862	1352	1632	0	
BN	de_facto	standard	pass	512	0.999822	0.999903	1542	1822	0	
BO	un	compact	pass	160	0.997038	0.998620	1972	2252	0	
BO	un	standard	pass	512	0.999397	0.999692	5744	6024	0	
BO	de_facto	compact	pass	160	0.997038	0.998620	1972	2252	0	
BO	de_facto	standard	pass	512	0.999397	0.999692	5744	6024	0	
BQ	un	compact	pass	512	0.982663	0.987498	349	629	0	
BQ	un	standard	pass	512	0.983095	0.987539	403	683	0	
BQ	de_facto	compact	pass	512	0.982663	0.987498	349	629	0	
BQ	de_facto	standard	pass	512	0.983095	0.987539	403	683	0	
BR	un	compact	pass	128	0.986849	0.995741	1948	2228	41	
BR	un	standard	pass	320	0.990442	0.998288	5877	6157	35	
BR	de_facto	compact	pass	128	0.986848	0.995628	1969	2249	42	
BR	de_facto	standard	pass	320	0.990425	0.998293	5880	6160	36	
BS	un	compact	pass	128	0.719003	0.929443	2057	2337	29	
BS	un	standard	pass	320	0.714507	0.985346	6179	6459	14	
BS	de_facto	compact	pass	128	0.719003	0.929443	2057	2337	29	
BS	de_facto	standard	pass	320	0.714507	0.985346	6179	6459	14	
BT	un	compact	pass	256	0.999573	0.999715	2112	2392	0	
BT	un	standard	pass	512	0.999928	0.999972	2784	3064	0	
BT	de_facto	compact	pass	256	0.999573	0.999715	2112	2392	0	
BT	de_facto	standard	pass	512	0.999928	0.999972	2784	3064	0	
BV	un	compact	pass	512	0.999523	0.999841	182	462	0	
BV	un	standard	pass	512	0.999446	0.999779	201	481	0	
BV	de_facto	compact	pass	512	0.999523	0.999841	182	462	0	
BV	de_facto	standard	pass	512	0.999446	0.999779	201	481	0	
BW	un	compact	pass	224	0.998980	0.999474	2187	2467	0	
BW	un	standard	pass	512	0.999760	0.999862	4553	4833	0	
BW	de_facto	compact	pass	224	0.998980	0.999474	2187	2467	0	
BW	de_facto	standard	pass	512	0.999760	0.999862	4553	4833	0	
BY	un	compact	pass	123	0.994725	0.997959	2196	2476	0	
BY	un	standard	pass	512	0.999634	0.999825	7116	7396	0	
BY	de_facto	compact	pass	123	0.994725	0.997959	2196	2476	0	
BY	de_facto	standard	pass	512	0.999634	0.999825	7116	7396	0	
BZ	un	compact	pass	160	0.990452	0.999402	1937	2217	3	
BZ	un	standard	pass	512	0.991591	0.999930	3579	3859	0	
BZ	de_facto	compact	pass	192	0.997165	0.999471	2072	2352	3	
BZ	de_facto	standard	pass	512	0.998439	0.999930	3927	4207	0	
CA	un	compact	pass	48	0.920580	0.971218	1678	1958	398	
CA	un	standard	pass	128	0.937763	0.989486	5969	6249	382	
CA	de_facto	compact	pass	48	0.920580	0.971218	1678	1958	398	
CA	de_facto	standard	pass	128	0.937763	0.989486	5969	6249	382	
CC	un	compact	pass	512	0.997397	0.999080	258	538	0	
CC	un	standard	pass	512	0.996979	0.999117	275	555	0	
CC	de_facto	compact	pass	512	0.997397	0.999080	258	538	0	
CC	de_facto	standard	pass	512	0.996979	0.999117	275	555	0	
CD	un	compact	pass	128	0.995166	0.997478	2016	2296	1	
CD	un	standard	pass	320	0.998493	0.999264	5234	5514	1	
CD	de_facto	compact	pass	128	0.995166	0.997478	2016	2296	1	
CD	de_facto	standard	pass	320	0.998493	0.999264	5234	5514	1	
CF	un	compact	pass	160	0.994892	0.997208	2070	2350	0	
CF	un	standard	pass	512	0.998821	0.999410	6377	6657	0	
CF	de_facto	compact	pass	160	0.994892	0.997208	2070	2350	0	
CF	de_facto	standard	pass	512	0.998821	0.999410	6377	6657	0	
CG	un	compact	pass	128	0.992714	0.996320	2058	2338	0	
CG	un	standard	pass	512	0.999218	0.999678	7028	7308	0	
CG	de_facto	compact	pass	128	0.992714	0.996320	2058	2338	0	
CG	de_facto	standard	pass	512	0.999218	0.999678	7028	7308	0	
CH	un	compact	pass	128	0.994152	0.997092	2185	2465	0	
CH	un	standard	pass	512	0.999764	0.999905	5505	5785	0	
CH	de_facto	compact	pass	128	0.994152	0.997092	2185	2465	0	
CH	de_facto	standard	pass	512	0.999764	0.999905	5505	5785	0	
CI	un	compact	pass	112	0.993162	0.997042	2109	2389	0	
CI	un	standard	pass	320	0.998312	0.999292	6473	6753	0	
CI	de_facto	compact	pass	112	0.993162	0.997042	2109	2389	0	
CI	de_facto	standard	pass	320	0.998312	0.999292	6473	6753	0	
CK	un	compact	pass	512	0.844662	0.844721	166	446	9	
CK	un	standard	pass	512	0.844157	0.844220	185	465	9	
CK	de_facto	compact	pass	512	0.844662	0.844721	166	446	9	
CK	de_facto	standard	pass	512	0.844157	0.844220	185	465	9	
CL	un	compact	pass	160	0.897750	0.976385	2122	2402	154	
CL	un	standard	pass	320	0.906965	0.986550	6127	6407	133	
CL	de_facto	compact	pass	160	0.897750	0.976385	2122	2402	154	
CL	de_facto	standard	pass	320	0.906965	0.986550	6127	6407	133	
CM	un	compact	pass	160	0.994152	0.997426	2039	2319	0	
CM	un	standard	pass	512	0.998872	0.999450	6166	6446	0	
CM	de_facto	compact	pass	160	0.994152	0.997426	2039	2319	0	
CM	de_facto	standard	pass	512	0.998872	0.999450	6166	6446	0	
CN	un	compact	pass	104	0.986912	0.993480	2132	2412	61	
CN	un	standard	pass	320	0.994985	0.997510	7104	7384	60	
CN	de_facto	compact	pass	108	0.987486	0.994038	2156	2436	68	
CN	de_facto	standard	pass	320	0.995051	0.997645	7059	7339	67	
CO	un	compact	pass	160	0.993220	0.995973	2191	2471	10	
CO	un	standard	pass	320	0.996310	0.998179	5067	5347	7	
CO	de_facto	compact	pass	160	0.993220	0.995973	2191	2471	10	
CO	de_facto	standard	pass	320	0.996310	0.998179	5067	5347	7	
CR	un	compact	pass	224	0.992061	0.996107	2101	2381	2	
CR	un	standard	pass	512	0.997891	0.999411	4826	5106	0	
CR	de_facto	compact	pass	224	0.992061	0.996107	2101	2381	2	
CR	de_facto	standard	pass	512	0.997891	0.999411	4826	5106	0	
CU	un	compact	pass	160	0.949193	0.986896	2126	2406	35	
CU	un	standard	pass	320	0.958125	0.994025	5501	5781	25	
CU	de_facto	compact	pass	160	0.949193	0.986896	2126	2406	35	
CU	de_facto	standard	pass	320	0.958125	0.994025	5501	5781	25	
CV	un	compact	pass	192	0.966499	0.993336	2051	2331	0	
CV	un	standard	pass	512	0.973319	0.999562	3578	3858	0	
CV	de_facto	compact	pass	192	0.966499	0.993336	2051	2331	0	
CV	de_facto	standard	pass	512	0.973319	0.999562	3578	3858	0	
CW	un	compact	pass	512	0.999753	0.999835	431	711	0	
CW	un	standard	pass	512	0.999593	0.999835	489	769	0	
CW	de_facto	compact	pass	512	0.999753	0.999835	431	711	0	
CW	de_facto	standard	pass	512	0.999593	0.999835	489	769	0	
CX	un	compact	pass	512	0.999525	0.999644	287	567	0	
CX	un	standard	pass	512	0.999307	0.999544	308	588	0	
CX	de_facto	compact	pass	512	0.999525	0.999644	287	567	0	
CX	de_facto	standard	pass	512	0.999307	0.999544	308	588	0	
CY	un	compact	pass	320	0.999406	0.999661	2107	2387	0	
CY	un	standard	pass	512	0.999462	0.999940	2653	2933	0	
CY	de_facto	compact	pass	320	0.999196	0.999911	2164	2444	0	
CY	de_facto	standard	pass	512	0.999255	0.999937	2639	2919	0	
CZ	un	compact	pass	128	0.993446	0.996480	1842	2122	0	
CZ	un	standard	pass	512	0.999543	0.999750	5835	6115	0	
CZ	de_facto	compact	pass	128	0.993446	0.996480	1842	2122	0	
CZ	de_facto	standard	pass	512	0.999543	0.999750	5835	6115	0	
DE	un	compact	pass	104	0.985789	0.994246	2093	2373	19	
DE	un	standard	pass	256	0.991575	0.998235	6234	6514	11	
DE	de_facto	compact	pass	104	0.985789	0.994246	2093	2373	19	
DE	de_facto	standard	pass	256	0.991575	0.998235	6234	6514	11	
DJ	un	compact	pass	512	0.999969	1.000000	1737	2017	0	
DJ	un	standard	pass	512	0.999960	0.999978	1996	2276	0	
DJ	de_facto	compact	pass	512	0.999969	1.000000	1737	2017	0	
DJ	de_facto	standard	pass	512	0.999960	0.999978	1996	2276	0	
DK	un	compact	pass	64	0.908821	0.962072	1785	2065	5	
DK	un	standard	pass	192	0.944998	0.991104	7017	7297	0	
DK	de_facto	compact	pass	64	0.908821	0.962072	1785	2065	5	
DK	de_facto	standard	pass	192	0.944998	0.991104	7017	7297	0	
DM	un	compact	pass	512	0.999562	0.999945	684	964	0	
DM	un	standard	pass	512	0.999794	0.999961	776	1056	0	
DM	de_facto	compact	pass	512	0.999562	0.999945	684	964	0	
DM	de_facto	standard	pass	512	0.999794	0.999961	776	1056	0	
DO	un	compact	pass	128	0.991882	0.997297	1888	2168	0	
DO	un	standard	pass	512	0.997194	0.999911	4652	4932	0	
DO	de_facto	compact	pass	128	0.991882	0.997297	1888	2168	0	
DO	de_facto	standard	pass	512	0.997194	0.999911	4652	4932	0	
DZ	un	compact	pass	256	0.998908	0.999421	2070	2350	0	
DZ	un	standard	pass	512	0.999642	0.999808	3942	4222	0	
DZ	de_facto	compact	pass	256	0.998908	0.999421	2070	2350	0	
DZ	de_facto	standard	pass	512	0.999642	0.999808	3942	4222	0	
EC	un	compact	pass	256	0.989288	0.996823	1935	2215	8	
EC	un	standard	pass	512	0.992389	0.998813	4276	4556	3	
EC	de_facto	compact	pass	256	0.989288	0.996823	1935	2215	8	
EC	de_facto	standard	pass	512	0.992389	0.998813	4276	4556	3	
EE	un	compact	pass	96	0.978919	0.992638	2083	2363	3	
EE	un	standard	pass	320	0.991187	0.999404	6431	6711	0	
EE	de_facto	compact	pass	96	0.978919	0.992638	2083	2363	3	
EE	de_facto	standard	pass	320	0.991187	0.999404	6431	6711	0	
EG	un	compact	pass	192	0.998347	0.998977	2028	2308	5	
EG	un	standard	pass	512	0.999491	0.999709	5701	5981	3	
EG	de_facto	compact	pass	192	0.998146	0.998798	2011	2291	7	
EG	de_facto	standard	pass	512	0.999231	0.999621	5504	5784	3	
EH	un	compact	pass	512	0.999858	1.000000	1544	1824	0	
EH	un	standard	pass	512	0.999867	0.999883	1734	2014	0	
EH	de_facto	compact	pass	512	0.999858	1.000000	1544	1824	0	
EH	de_facto	standard	pass	512	0.999867	0.999883	1734	2014	0	
ER	un	compact	pass	160	0.989481	0.997553	2122	2402	0	
ER	un	standard	pass	512	0.992974	0.999555	5791	6071	0	
ER	de_facto	compact	pass	160	0.989481	0.997553	2122	2402	0	
ER	de_facto	standard	pass	512	0.992974	0.999555	5791	6071	0	
ES	un	compact	pass	192	0.984826	0.995201	2011	2291	7	
ES	un	standard	pass	512	0.991618	0.998616	6341	6621	5	
ES	de_facto	compact	pass	192	0.984955	0.995282	2002	2282	12	
ES	de_facto	standard	pass	512	0.991689	0.998688	6267	6547	10	
ET	un	compact	pass	256	0.999251	0.999667	2040	2320	0	
ET	un	standard	pass	512	0.999568	0.999764	3874	4154	0	
ET	de_facto	compact	pass	256	0.999251	0.999667	2040	2320	0	
ET	de_facto	standard	pass	512	0.999568	0.999764	3874	4154	0	
FI	un	compact	pass	160	0.990139	0.995662	2172	2452	39	
FI	un	standard	pass	320	0.992230	0.998241	5183	5463	27	
FI	de_facto	compact	pass	160	0.990139	0.995662	2172	2452	39	
FI	de_facto	standard	pass	320	0.992230	0.998241	5183	5463	27	
FJ	un	compact	pass	256	0.942138	0.986079	1857	2137	27	
FJ	un	standard	pass	512	0.952812	0.993973	5341	5621	7	
FJ	de_facto	compact	pass	256	0.942138	0.986079	1857	2137	27	
FJ	de_facto	standard	pass	512	0.952812	0.993973	5341	5621	7	
FK	un	compact	pass	64	0.895623	0.959435	2161	2441	6	
FK	un	standard	pass	160	0.962866	0.991506	6670	6950	0	
FK	de_facto	compact	pass	64	0.895623	0.959435	2161	2441	6	
FK	de_facto	standard	pass	160	0.962866	0.991506	6670	6950	0	
FM	un	compact	pass	512	0.867592	0.923334	139	419	17	
FM	un	standard	pass	512	0.867705	0.923443	153	433	17	
FM	de_facto	compact	pass	512	0.867592	0.923334	139	419	17	
FM	de_facto	standard	pass	512	0.867705	0.923443	153	433	17	
FO	un	compact	pass	80	0.944409	0.972688	2021	2301	0	
FO	un	standard	pass	512	0.999048	0.999340	4646	4926	0	
FO	de_facto	compact	pass	80	0.944409	0.972688	2021	2301	0	
FO	de_facto	standard	pass	512	0.999048	0.999340	4646	4926	0	
FR	un	compact	pass	512	0.980211	0.991813	936	1216	9	
FR	un	standard	pass	512	0.979687	0.991666	1088	1368	9	
FR	de_facto	compact	pass	512	0.969724	0.985452	708	988	18	
FR	de_facto	standard	pass	512	0.970763	0.986037	805	1085	18	
GA	un	compact	pass	116	0.991079	0.996079	2172	2452	0	
GA	un	standard	pass	320	0.997780	0.999106	6203	6483	0	
GA	de_facto	compact	pass	116	0.991111	0.996111	2171	2451	1	
GA	de_facto	standard	pass	320	0.997776	0.999102	6194	6474	1	
GB	un	compact	pass	80	0.931695	0.976487	1647	1927	48	
GB	un	standard	pass	224	0.947297	0.992999	6463	6743	35	
GB	de_facto	compact	pass	80	0.931829	0.976422	1640	1920	49	
GB	de_facto	standard	pass	224	0.947096	0.992932	6453	6733	36	
GD	un	compact	pass	512	0.999315	0.999657	575	855	0	
GD	un	standard	pass	512	0.999618	0.999819	658	938	0	
GD	de_facto	compact	pass	512	0.999315	0.999657	575	855	0	
GD	de_facto	standard	pass	512	0.999618	0.999819	658	938	0	
GE	un	compact	pass	192	0.996736	0.998327	2018	2298	0	
GE	un	standard	pass	512	0.999822	0.999938	3894	4174	0	
GE	de_facto	compact	pass	192	0.996736	0.998327	2018	2298	0	
GE	de_facto	standard	pass	512	0.999822	0.999938	3894	4174	0	
GF	un	compact	pass	160	0.997598	0.998621	1918	2198	0	
GF	un	standard	pass	512	0.999913	0.999942	3932	4212	0	
GF	de_facto	compact	pass	160	0.997598	0.998621	1918	2198	0	
GF	de_facto	standard	pass	512	0.999913	0.999942	3932	4212	0	
GG	un	compact	pass	512	0.986175	1.000000	518	798	0	
GG	un	standard	pass	512	0.984768	0.999630	604	884	0	
GG	de_facto	compact	pass	512	0.986175	1.000000	518	798	0	
GG	de_facto	standard	pass	512	0.984768	0.999630	604	884	0	
GH	un	compact	pass	160	0.997303	0.998557	1949	2229	0	
GH	un	standard	pass	512	0.999700	0.999896	5002	5282	0	
GH	de_facto	compact	pass	160	0.997303	0.998557	1949	2229	0	
GH	de_facto	standard	pass	512	0.999700	0.999896	5002	5282	0	
GI	un	compact	pass	512	0.998582	0.998854	63	343	0	
GI	un	standard	pass	512	0.998520	0.998936	74	354	0	
GI	de_facto	compact	pass	512	0.998582	0.998854	63	343	0	
GI	de_facto	standard	pass	512	0.998520	0.998936	74	354	0	
GL	un	compact	pass	104	0.957894	0.992128	2196	2476	120	
GL	un	standard	pass	224	0.964248	0.994839	6735	7015	104	
GL	de_facto	compact	pass	104	0.957441	0.991838	2198	2478	121	
GL	de_facto	standard	pass	224	0.964179	0.994844	6719	6999	105	
GM	un	compact	pass	224	0.995148	0.997741	2058	2338	0	
GM	un	standard	pass	512	0.999589	0.999774	3276	3556	0	
GM	de_facto	compact	pass	224	0.995148	0.997741	2058	2338	0	
GM	de_facto	standard	pass	512	0.999589	0.999774	3276	3556	0	
GN	un	compact	pass	126	0.989301	0.995646	2181	2461	0	
GN	un	standard	pass	320	0.997210	0.998757	5984	6264	0	
GN	de_facto	compact	pass	126	0.989301	0.995646	2181	2461	0	
GN	de_facto	standard	pass	320	0.997210	0.998757	5984	6264	0	
GP	un	compact	pass	512	0.998521	1.000000	1517	1797	0	
GP	un	standard	pass	512	0.998762	0.999816	1730	2010	0	
GP	de_facto	compact	pass	512	0.998521	1.000000	1517	1797	0	
GP	de_facto	standard	pass	512	0.998762	0.999816	1730	2010	0	
GQ	un	compact	pass	512	0.999254	0.999661	1312	1592	0	
GQ	un	standard	pass	512	0.999304	0.999704	1530	1810	0	
GQ	de_facto	compact	pass	512	0.999254	0.999661	1312	1592	0	
GQ	de_facto	standard	pass	512	0.999304	0.999704	1530	1810	0	
GR	un	compact	pass	48	0.899300	0.943541	1496	1776	65	
GR	un	standard	pass	128	0.920289	0.984692	6384	6664	40	
GR	de_facto	compact	pass	48	0.899300	0.943541	1496	1776	65	
GR	de_facto	standard	pass	128	0.920289	0.984692	6384	6664	40	
GS	un	compact	pass	320	0.952503	0.978663	1453	1733	3	
GS	un	standard	pass	512	0.979522	0.993576	2661	2941	1	
GS	de_facto	compact	pass	320	0.952503	0.978663	1453	1733	3	
GS	de_facto	standard	pass	512	0.979522	0.993576	2661	2941	1	
GT	un	compact	pass	320	0.999573	0.999704	2186	2466	0	
GT	un	standard	pass	512	0.999873	0.999954	3237	3517	0	
GT	de_facto	compact	pass	320	0.999573	0.999704	2186	2466	0	
GT	de_facto	standard	pass	512	0.999873	0.999954	3237	3517	0	
GU	un	compact	pass	512	0.999676	0.999935	474	754	0	
GU	un	standard	pass	512	0.999734	0.999886	537	817	0	
GU	de_facto	compact	pass	512	0.999676	0.999935	474	754	0	
GU	de_facto	standard	pass	512	0.999734	0.999886	537	817	0	
GW	un	compact	pass	80	0.945772	0.992089	1815	2095	0	
GW	un	standard	pass	256	0.966650	0.998158	6909	7189	0	
GW	de_facto	compact	pass	80	0.945772	0.992089	1815	2095	0	
GW	de_facto	standard	pass	256	0.966650	0.998158	6909	7189	0	
GY	un	compact	pass	192	0.992974	0.996666	1979	2259	0	
GY	un	standard	pass	512	0.999067	0.999503	4526	4806	0	
GY	de_facto	compact	pass	160	0.993873	0.996599	2135	2415	1	
GY	de_facto	standard	pass	512	0.999004	0.999631	6206	6486	0	
HK	un	compact	pass	64	0.971051	0.988527	2042	2322	0	
HK	un	standard	pass	512	0.999392	0.999669	3902	4182	0	
HK	de_facto	compact	pass	64	0.971051	0.988527	2042	2322	0	
HK	de_facto	standard	pass	512	0.999392	0.999669	3902	4182	0	
HM	un	compact	pass	512	0.999673	0.999804	518	798	0	
HM	un	standard	pass	512	0.999669	0.999900	601	881	0	
HM	de_facto	compact	pass	512	0.999673	0.999804	518	798	0	
HM	de_facto	standard	pass	512	0.999669	0.999900	601	881	0	
HN	un	compact	pass	128	0.987885	0.994009	1745	2025	3	
HN	un	standard	pass	512	0.998474	0.999616	6757	7037	1	
HN	de_facto	compact	pass	128	0.987885	0.994009	1745	2025	3	
HN	de_facto	standard	pass	512	0.998474	0.999616	6757	7037	1	
HR	un	compact	fail							512:bytes=12443(cap 2200),file=12723(max 2500); 320:bytes=8924(cap 2200),file=9204(max 2500); 256:bytes=7494(cap 2200),file=7774(max 2500); 224:bytes=6726(cap 2200),file=7006(max 2500); 192:bytes=5921(cap 2200),file=6201(max 2500); 160:bytes=5027(cap 2200),file=5307(max 2500); 128:bytes=4010(cap 2200),file=4290(max 2500); 127:bytes=4004(cap 2200),file=4284(max 2500); 126:bytes=3966(cap 2200),file=4246(max 2500); 125:bytes=3930(cap 2200),file=4210(max 2500); 124:bytes=3896(cap 2200),file=4176(max 2500); 123:bytes=3849(cap 2200),file=4129(max 2500); 122:bytes=3809(cap 2200),file=4089(max 2500); 121:bytes=3755(cap 2200),file=4035(max 2500); 120:bytes=3731(cap 2200),file=4011(max 2500); 116:bytes=3557(cap 2200),file=3837(max 2500); 112:bytes=3340(cap 2200),file=3620(max 2500); 108:bytes=3251(cap 2200),file=3531(max 2500); 104:bytes=3086(cap 2200),file=3366(max 2500); 100:bytes=2941(cap 2200),file=3221(max 2500); 96:bytes=2783(cap 2200),file=3063(max 2500); 80:bytes=2209(cap 2200); 64:error:geometry protected_feature_loss entity=HR field=visible_component: source component 2 contribution=110 threshold=110 was lost; 48:error:geometry protected_feature_loss entity=HR field=visible_component: source component 2 contribution=110 threshold=110 was lost; 32:error:geometry protected_feature_loss entity=HR field=visible_component: source component 1 contribution=199 threshold=110 was lost; 24:error:geometry protected_feature_loss entity=HR field=visible_component: source component 1 contribution=199 threshold=110 was lost; 16:error:geometry protected_feature_loss entity=HR field=visible_component: source component 1 contribution=199 threshold=110 was lost; 12:error:geometry protected_feature_loss entity=HR field=visible_component: source component 1 contribution=199 threshold=110 was lost; 8:error:geometry protected_feature_loss entity=HR field=visible_component: source component 1 contribution=199 threshold=110 was lost
HR	un	standard	pass	192	0.957744	0.995194	6688	6968	6	
HR	de_facto	compact	fail							512:bytes=12452(cap 2200),file=12732(max 2500); 320:bytes=8920(cap 2200),file=9200(max 2500); 256:bytes=7501(cap 2200),file=7781(max 2500); 224:bytes=6725(cap 2200),file=7005(max 2500); 192:bytes=5915(cap 2200),file=6195(max 2500); 160:bytes=5026(cap 2200),file=5306(max 2500); 128:bytes=4013(cap 2200),file=4293(max 2500); 127:bytes=4004(cap 2200),file=4284(max 2500); 126:bytes=3965(cap 2200),file=4245(max 2500); 125:bytes=3929(cap 2200),file=4209(max 2500); 124:bytes=3895(cap 2200),file=4175(max 2500); 123:bytes=3848(cap 2200),file=4128(max 2500); 122:bytes=3809(cap 2200),file=4089(max 2500); 121:bytes=3747(cap 2200),file=4027(max 2500); 120:bytes=3723(cap 2200),file=4003(max 2500); 116:bytes=3550(cap 2200),file=3830(max 2500); 112:bytes=3339(cap 2200),file=3619(max 2500); 108:bytes=3250(cap 2200),file=3530(max 2500); 104:bytes=3085(cap 2200),file=3365(max 2500); 100:bytes=2940(cap 2200),file=3220(max 2500); 96:bytes=2784(cap 2200),file=3064(max 2500); 80:bytes=2215(cap 2200); 64:error:geometry protected_feature_loss entity=HR field=visible_component: source component 2 contribution=111 threshold=110 was lost; 48:error:geometry protected_feature_loss entity=HR field=visible_component: source component 2 contribution=111 threshold=110 was lost; 32:error:geometry protected_feature_loss entity=HR field=visible_component: source component 1 contribution=199 threshold=110 was lost; 24:error:geometry protected_feature_loss entity=HR field=visible_component: source component 1 contribution=199 threshold=110 was lost; 16:error:geometry protected_feature_loss entity=HR field=visible_component: source component 1 contribution=199 threshold=110 was lost; 12:error:geometry protected_feature_loss entity=HR field=visible_component: source component 1 contribution=199 threshold=110 was lost; 8:error:geometry protected_feature_loss entity=HR field=visible_component: source component 1 contribution=199 threshold=110 was lost
HR	de_facto	standard	pass	192	0.957722	0.995260	6693	6973	6	
HT	un	compact	pass	104	0.986372	0.995106	2110	2390	0	
HT	un	standard	pass	512	0.996529	0.999891	5565	5845	0	
HT	de_facto	compact	pass	104	0.986372	0.995106	2110	2390	0	
HT	de_facto	standard	pass	512	0.996529	0.999891	5565	5845	0	
HU	un	compact	pass	160	0.996521	0.998112	2088	2368	0	
HU	un	standard	pass	512	0.999674	0.999834	5282	5562	0	
HU	de_facto	compact	pass	160	0.996521	0.998112	2088	2368	0	
HU	de_facto	standard	pass	512	0.999674	0.999834	5282	5562	0	
ID	un	compact	pass	100	0.896750	0.969459	2171	2451	249	
ID	un	standard	pass	224	0.882587	0.984561	6648	6928	219	
ID	de_facto	compact	pass	100	0.896750	0.969459	2171	2451	249	
ID	de_facto	standard	pass	224	0.882587	0.984561	6648	6928	219	
IE	un	compact	pass	80	0.965243	0.984782	1934	2214	6	
IE	un	standard	pass	224	0.986336	0.995405	7205	7485	0	
IE	de_facto	compact	pass	80	0.965243	0.984782	1934	2214	6	
IE	de_facto	standard	pass	224	0.986336	0.995405	7205	7485	0	
IL	un	compact	pass	320	0.998083	0.999262	2060	2340	0	
IL	un	standard	pass	512	0.999441	0.999738	2807	3087	0	
IL	de_facto	compact	pass	320	0.998062	0.999552	2193	2473	0	
IL	de_facto	standard	pass	512	0.999458	0.999703	3127	3407	0	
IM	un	compact	pass	512	0.999755	0.999853	693	973	0	
IM	un	standard	pass	512	0.999722	0.999838	790	1070	0	
IM	de_facto	compact	pass	512	0.999755	0.999853	693	973	0	
IM	de_facto	standard	pass	512	0.999722	0.999838	790	1070	0	
IN	un	compact	pass	112	0.987459	0.994671	2170	2450	36	
IN	un	standard	pass	320	0.992865	0.997689	6960	7240	32	
IN	de_facto	compact	pass	112	0.986549	0.993482	2177	2457	33	
IN	de_facto	standard	pass	320	0.992603	0.997494	7015	7295	31	
IO	un	compact	pass	512	0.879981	0.998353	464	744	5	
IO	un	standard	pass	512	0.879797	0.997574	538	818	5	
IO	de_facto	compact	pass	512	0.879981	0.998353	464	744	5	
IO	de_facto	standard	pass	512	0.879797	0.997574	538	818	5	
IQ	un	compact	pass	256	0.998948	0.999457	2152	2432	0	
IQ	un	standard	pass	512	0.999672	0.999832	4120	4400	0	
IQ	de_facto	compact	pass	256	0.998948	0.999457	2152	2432	0	
IQ	de_facto	standard	pass	512	0.999672	0.999832	4120	4400	0	
IR	un	compact	pass	128	0.994558	0.997391	2068	2348	10	
IR	un	standard	pass	320	0.997269	0.999132	5347	5627	9	
IR	de_facto	compact	pass	128	0.994558	0.997391	2068	2348	10	
IR	de_facto	standard	pass	320	0.997269	0.999132	5347	5627	9	
IS	un	compact	pass	80	0.962434	0.989205	1913	2193	4	
IS	un	standard	pass	224	0.987350	0.996097	7262	7542	4	
IS	de_facto	compact	pass	80	0.962434	0.989205	1913	2193	4	
IS	de_facto	standard	pass	224	0.987350	0.996097	7262	7542	4	
IT	un	compact	pass	104	0.976123	0.988032	2142	2422	26	
IT	un	standard	pass	320	0.991644	0.996889	6829	7109	20	
IT	de_facto	compact	pass	104	0.976123	0.988032	2142	2422	26	
IT	de_facto	standard	pass	320	0.991644	0.996889	6829	7109	20	
JE	un	compact	pass	512	0.999156	0.999578	449	729	0	
JE	un	standard	pass	512	0.999164	0.999673	519	799	0	
JE	de_facto	compact	pass	512	0.999156	0.999578	449	729	0	
JE	de_facto	standard	pass	512	0.999164	0.999673	519	799	0	
JM	un	compact	pass	512	0.999916	1.000000	2036	2316	0	
JM	un	standard	pass	512	0.999882	0.999961	2334	2614	0	
JM	de_facto	compact	pass	512	0.999916	1.000000	2036	2316	0	
JM	de_facto	standard	pass	512	0.999882	0.999961	2334	2614	0	
JO	un	compact	pass	512	0.999786	0.999914	1883	2163	0	
JO	un	standard	pass	512	0.999799	0.999864	2169	2449	0	
JO	de_facto	compact	pass	512	0.999786	0.999914	1883	2163	0	
JO	de_facto	standard	pass	512	0.999799	0.999864	2169	2449	0	
JP	un	compact	pass	160	0.899578	0.971448	1841	2121	101	
JP	un	standard	pass	320	0.965458	0.983746	4832	5112	90	
JP	de_facto	compact	pass	160	0.899045	0.971455	1832	2112	104	
JP	de_facto	standard	pass	320	0.965153	0.983581	4845	5125	93	
KE	un	compact	pass	256	0.998668	0.999302	1834	2114	0	
KE	un	standard	pass	512	0.999422	0.999836	3780	4060	0	
KE	de_facto	compact	pass	256	0.998383	0.999346	1912	2192	0	
KE	de_facto	standard	pass	512	0.999378	0.999814	3818	4098	0	
KG	un	compact	pass	128	0.987130	0.994370	2035	2315	0	
KG	un	standard	pass	512	0.999042	0.999547	6996	7276	0	
KG	de_facto	compact	pass	128	0.987130	0.994370	2035	2315	0	
KG	de_facto	standard	pass	512	0.999042	0.999547	6996	7276	0	
KH	un	compact	pass	116	0.994354	0.997715	2113	2393	3	
KH	un	standard	pass	320	0.997420	0.999439	5608	5888	0	
KH	de_facto	compact	pass	116	0.994354	0.997715	2113	2393	3	
KH	de_facto	standard	pass	320	0.997420	0.999439	5608	5888	0	
KI	un	compact	pass	512	0.409566	0.427927	38	318	34	
KI	un	standard	pass	512	0.409445	0.427934	41	321	34	
KI	de_facto	compact	pass	512	0.409566	0.427927	38	318	34	
KI	de_facto	standard	pass	512	0.409445	0.427934	41	321	34	
KM	un	compact	pass	512	0.999365	1.000000	1080	1360	0	
KM	un	standard	pass	512	0.999627	0.999925	1240	1520	0	
KM	de_facto	compact	pass	512	0.999365	1.000000	1080	1360	0	
KM	de_facto	standard	pass	512	0.999627	0.999925	1240	1520	0	
KN	un	compact	pass	512	0.999518	0.999759	402	682	0	
KN	un	standard	pass	512	0.999461	0.999707	457	737	0	
KN	de_facto	compact	pass	512	0.999518	0.999759	402	682	0	
KN	de_facto	standard	pass	512	0.999461	0.999707	457	737	0	
KP	un	compact	pass	116	0.985412	0.993565	2132	2412	9	
KP	un	standard	pass	320	0.995942	0.998377	7009	7289	5	
KP	de_facto	compact	pass	116	0.985494	0.993473	2127	2407	9	
KP	de_facto	standard	pass	320	0.996009	0.998399	7021	7301	5	
KR	un	compact	pass	125	0.960195	0.991856	2189	2469	41	
KR	un	standard	pass	224	0.967566	0.995800	6405	6685	14	
KR	de_facto	compact	pass	123	0.962206	0.991955	2196	2476	42	
KR	de_facto	standard	pass	224	0.967647	0.995692	6453	6733	15	
KW	un	compact	pass	512	0.994915	0.999966	1971	2251	0	
KW	un	standard	pass	512	0.994984	0.999968	2237	2517	0	
KW	de_facto	compact	pass	512	0.994915	0.999966	1971	2251	0	
KW	de_facto	standard	pass	512	0.994984	0.999968	2237	2517	0	
KY	un	compact	pass	512	0.998883	0.999441	638	918	0	
KY	un	standard	pass	512	0.999168	0.999496	728	1008	0	
KY	de_facto	compact	pass	512	0.998883	0.999441	638	918	0	
KY	de_facto	standard	pass	512	0.999168	0.999496	728	1008	0	
KZ	un	compact	pass	128	0.990019	0.995373	1833	2113	5	
KZ	un	standard	pass	320	0.996433	0.998119	5211	5491	5	
KZ	de_facto	compact	pass	128	0.988130	0.995418	1845	2125	6	
KZ	de_facto	standard	pass	320	0.993832	0.998095	5191	5471	6	
LA	un	compact	pass	112	0.985037	0.992462	2164	2444	0	
LA	un	standard	pass	320	0.996701	0.998198	6023	6303	0	
LA	de_facto	compact	pass	112	0.985037	0.992462	2164	2444	0	
LA	de_facto	standard	pass	320	0.996701	0.998198	6023	6303	0	
LB	un	compact	pass	256	0.999085	0.999542	2177	2457	0	
LB	un	standard	pass	512	0.999906	0.999966	2785	3065	0	
LB	de_facto	compact	pass	256	0.999085	0.999542	2177	2457	0	
LB	de_facto	standard	pass	512	0.999906	0.999966	2785	3065	0	
LC	un	compact	pass	512	0.999889	0.999889	466	746	0	
LC	un	standard	pass	512	0.999823	0.999888	525	805	0	
LC	de_facto	compact	pass	512	0.999889	0.999889	466	746	0	
LC	de_facto	standard	pass	512	0.999823	0.999888	525	805	0	
LI	un	compact	pass	512	0.999516	0.999793	286	566	0	
LI	un	standard	pass	512	0.999348	0.999658	331	611	0	
LI	de_facto	compact	pass	512	0.999516	0.999793	286	566	0	
LI	de_facto	standard	pass	512	0.999348	0.999658	331	611	0	
LK	un	compact	pass	160	0.991139	0.997585	2179	2459	0	
LK	un	standard	pass	512	0.995059	0.999785	5302	5582	0	
LK	de_facto	compact	pass	160	0.991139	0.997585	2179	2459	0	
LK	de_facto	standard	pass	512	0.995059	0.999785	5302	5582	0	
LR	un	compact	pass	160	0.995812	0.997961	2102	2382	0	
LR	un	standard	pass	512	0.999709	0.999841	5010	5290	0	
LR	de_facto	compact	pass	160	0.995812	0.997961	2102	2382	0	
LR	de_facto	standard	pass	512	0.999709	0.999841	5010	5290	0	
LS	un	compact	pass	256	0.999680	0.999712	2068	2348	0	
LS	un	standard	pass	512	0.999936	0.999977	2855	3135	0	
LS	de_facto	compact	pass	256	0.999680	0.999712	2068	2348	0	
LS	de_facto	standard	pass	512	0.999936	0.999977	2855	3135	0	
LT	un	compact	pass	160	0.996983	0.999051	2156	2436	0	
LT	un	standard	pass	512	0.998804	0.999930	4353	4633	0	
LT	de_facto	compact	pass	160	0.996983	0.999051	2156	2436	0	
LT	de_facto	standard	pass	512	0.998804	0.999930	4353	4633	0	
LU	un	compact	pass	512	0.999911	0.999955	1641	1921	0	
LU	un	standard	pass	512	0.999916	0.999958	1752	2032	0	
LU	de_facto	compact	pass	512	0.999911	0.999955	1641	1921	0	
LU	de_facto	standard	pass	512	0.999916	0.999958	1752	2032	0	
LV	un	compact	pass	192	0.996656	0.998325	2131	2411	0	
LV	un	standard	pass	512	0.999790	0.999860	4094	4374	0	
LV	de_facto	compact	pass	192	0.996656	0.998325	2131	2411	0	
LV	de_facto	standard	pass	512	0.999790	0.999860	4094	4374	0	
LY	un	compact	pass	320	0.999542	0.999703	1947	2227	0	
LY	un	standard	pass	512	0.999854	0.999905	3044	3324	0	
LY	de_facto	compact	pass	320	0.999542	0.999703	1947	2227	0	
LY	de_facto	standard	pass	512	0.999854	0.999905	3044	3324	0	
MA	un	compact	pass	192	0.995651	0.997221	2012	2292	0	
MA	un	standard	pass	512	0.999258	0.999611	4773	5053	0	
MA	de_facto	compact	pass	192	0.995651	0.997221	2012	2292	0	
MA	de_facto	standard	pass	512	0.999258	0.999611	4773	5053	0	
MC	un	compact	pass	512	0.998867	0.999632	126	406	0	
MC	un	standard	pass	512	0.998837	0.999268	144	424	0	
MC	de_facto	compact	pass	512	0.998867	0.999632	126	406	0	
MC	de_facto	standard	pass	512	0.998837	0.999268	144	424	0	
MD	un	compact	pass	128	0.990785	0.995956	2125	2405	0	
MD	un	standard	pass	512	0.999677	0.999808	5735	6015	0	
MD	de_facto	compact	pass	128	0.991559	0.995732	2069	2349	0	
MD	de_facto	standard	pass	512	0.999721	0.999860	5495	5775	0	
ME	un	compact	pass	160	0.998428	0.999236	2083	2363	0	
ME	un	standard	pass	512	0.999926	0.999947	3171	3451	0	
ME	de_facto	compact	pass	160	0.998428	0.999236	2083	2363	0	
ME	de_facto	standard	pass	512	0.999926	0.999947	3171	3451	0	
MF	un	compact	pass	512	0.999163	0.999529	212	492	0	
MF	un	standard	pass	512	0.999408	0.999605	243	523	0	
MF	de_facto	compact	pass	512	0.999163	0.999529	212	492	0	
MF	de_facto	standard	pass	512	0.999408	0.999605	243	523	0	
MG	un	compact	pass	192	0.993113	0.997247	2100	2380	1	
MG	un	standard	pass	512	0.997741	0.999343	5968	6248	0	
MG	de_facto	compact	pass	192	0.993113	0.997247	2100	2380	1	
MG	de_facto	standard	pass	512	0.997741	0.999343	5968	6248	0	
MH	un	compact	pass	512	0.599871	0.619840	136	416	19	
MH	un	standard	pass	512	0.601116	0.620784	158	438	19	
MH	de_facto	compact	pass	512	0.599871	0.619840	136	416	19	
MH	de_facto	standard	pass	512	0.601116	0.620784	158	438	19	
MK	un	compact	pass	256	0.999501	0.999813	2146	2426	0	
MK	un	standard	pass	512	0.999963	0.999978	2992	3272	0	
MK	de_facto	compact	pass	256	0.999501	0.999813	2146	2426	0	
MK	de_facto	standard	pass	512	0.999963	0.999978	2992	3272	0	
ML	un	compact	pass	224	0.998032	0.999101	2197	2477	0	
ML	un	standard	pass	512	0.999266	0.999678	5023	5303	0	
ML	de_facto	compact	pass	224	0.998032	0.999101	2197	2477	0	
ML	de_facto	standard	pass	512	0.999266	0.999678	5023	5303	0	
MM	un	compact	pass	128	0.973828	0.988990	1788	2068	37	
MM	un	standard	pass	320	0.985608	0.995899	5931	6211	26	
MM	de_facto	compact	pass	128	0.973828	0.988990	1788	2068	37	
MM	de_facto	standard	pass	320	0.985608	0.995899	5931	6211	26	
MN	un	compact	pass	192	0.995701	0.998036	2044	2324	0	
MN	un	standard	pass	512	0.999107	0.999575	5082	5362	0	
MN	de_facto	compact	pass	192	0.995701	0.998036	2044	2324	0	
MN	de_facto	standard	pass	512	0.999107	0.999575	5082	5362	0	
MO	un	compact	pass	512	0.996678	0.998099	795	1075	0	
MO	un	standard	pass	512	0.997841	0.998663	921	1201	0	
MO	de_facto	compact	pass	512	0.996678	0.998099	795	1075	0	
MO	de_facto	standard	pass	512	0.997841	0.998663	921	1201	0	
MP	un	compact	pass	512	0.960559	0.971097	877	1157	0	
MP	un	standard	pass	512	0.960456	0.971106	1026	1306	0	
MP	de_facto	compact	pass	512	0.960559	0.971097	877	1157	0	
MP	de_facto	standard	pass	512	0.960456	0.971106	1026	1306	0	
MQ	un	compact	pass	512	0.999657	0.999829	1219	1499	0	
MQ	un	standard	pass	512	0.999738	0.999894	1425	1705	0	
MQ	de_facto	compact	pass	512	0.999657	0.999829	1219	1499	0	
MQ	de_facto	standard	pass	512	0.999738	0.999894	1425	1705	0	
MR	un	compact	pass	320	0.999345	0.999836	1962	2242	3	
MR	un	standard	pass	512	0.999496	0.999846	3390	3670	2	
MR	de_facto	compact	pass	320	0.999345	0.999836	1962	2242	3	
MR	de_facto	standard	pass	512	0.999496	0.999846	3390	3670	2	
MS	un	compact	pass	512	0.999599	0.999688	225	505	0	
MS	un	standard	pass	512	0.999424	0.999738	259	539	0	
MS	de_facto	compact	pass	512	0.999599	0.999688	225	505	0	
MS	de_facto	standard	pass	512	0.999424	0.999738	259	539	0	
MT	un	compact	pass	512	0.999556	0.999682	520	800	0	
MT	un	standard	pass	512	0.999649	0.999791	590	870	0	
MT	de_facto	compact	pass	512	0.999556	0.999682	520	800	0	
MT	de_facto	standard	pass	512	0.999649	0.999791	590	870	0	
MU	un	compact	pass	512	0.986904	0.990259	344	624	1	
MU	un	standard	pass	512	0.986646	0.990052	401	681	1	
MU	de_facto	compact	pass	512	0.986904	0.990259	344	624	1	
MU	de_facto	standard	pass	512	0.986646	0.990052	401	681	1	
MV	un	compact	pass	512	0.946494	0.955283	84	364	175	
MV	un	standard	pass	512	0.947117	0.955712	94	374	175	
MV	de_facto	compact	pass	512	0.946494	0.955283	84	364	175	
MV	de_facto	standard	pass	512	0.947117	0.955712	94	374	175	
MW	un	compact	pass	192	0.991935	0.996759	2086	2366	0	
MW	un	standard	pass	512	0.997626	0.999608	4642	4922	0	
MW	de_facto	compact	pass	192	0.991935	0.996759	2086	2366	0	
MW	de_facto	standard	pass	512	0.997626	0.999608	4642	4922	0	
MX	un	compact	pass	128	0.986010	0.993956	1823	2103	49	
MX	un	standard	pass	320	0.992165	0.997018	5144	5424	46	
MX	de_facto	compact	pass	128	0.986010	0.993956	1823	2103	49	
MX	de_facto	standard	pass	320	0.992165	0.997018	5144	5424	46	
MY	un	compact	pass	224	0.981018	0.992096	2142	2422	6	
MY	un	standard	pass	512	0.992117	0.997826	5804	6084	1	
MY	de_facto	compact	pass	192	0.978148	0.990483	2161	2441	11	
MY	de_facto	standard	pass	512	0.990590	0.997847	6722	7002	3	
MZ	un	compact	pass	160	0.992194	0.996950	2025	2305	3	
MZ	un	standard	pass	512	0.997631	0.999215	6965	7245	0	
MZ	de_facto	compact	pass	160	0.992194	0.996950	2025	2305	3	
MZ	de_facto	standard	pass	512	0.997631	0.999215	6965	7245	0	
NA	un	compact	pass	256	0.998443	0.999221	1904	2184	0	
NA	un	standard	pass	512	0.999409	0.999684	4065	4345	0	
NA	de_facto	compact	pass	256	0.998443	0.999221	1904	2184	0	
NA	de_facto	standard	pass	512	0.999409	0.999684	4065	4345	0	
NC	un	compact	pass	256	0.963358	0.987169	1936	2216	3	
NC	un	standard	pass	512	0.980955	0.995883	4607	4887	1	
NC	de_facto	compact	pass	256	0.963358	0.987169	1936	2216	3	
NC	de_facto	standard	pass	512	0.980955	0.995883	4607	4887	1	
NE	un	compact	pass	320	0.999630	0.999794	1810	2090	0	
NE	un	standard	pass	512	0.999734	0.999889	2872	3152	0	
NE	de_facto	compact	pass	320	0.999630	0.999794	1810	2090	0	
NE	de_facto	standard	pass	512	0.999734	0.999889	2872	3152	0	
NF	un	compact	pass	512	0.999077	0.999325	264	544	0	
NF	un	standard	pass	512	0.999012	0.999483	289	569	0	
NF	de_facto	compact	pass	512	0.999077	0.999325	264	544	0	
NF	de_facto	standard	pass	512	0.999012	0.999483	289	569	0	
NG	un	compact	pass	160	0.996023	0.998562	1947	2227	2	
NG	un	standard	pass	512	0.998883	0.999734	6919	7199	0	
NG	de_facto	compact	pass	160	0.996023	0.998562	1947	2227	2	
NG	de_facto	standard	pass	512	0.998883	0.999734	6919	7199	0	
NI	un	compact	pass	128	0.994182	0.997391	1839	2119	4	
NI	un	standard	pass	512	0.999521	0.999831	6165	6445	1	
NI	de_facto	compact	pass	128	0.994182	0.997391	1839	2119	4	
NI	de_facto	standard	pass	512	0.999521	0.999831	6165	6445	1	
NL	un	compact	pass	100	0.981976	0.994063	2160	2440	1	
NL	un	standard	pass	512	0.990946	0.999959	6551	6831	0	
NL	de_facto	compact	pass	512	0.935400	0.976491	311	591	10	
NL	de_facto	standard	pass	512	0.935839	0.976057	351	631	10	
NO	un	compact	pass	100	0.905551	0.977546	2185	2465	85	
NO	un	standard	pass	192	0.913928	0.986629	6258	6538	64	
NO	de_facto	compact	pass	512	0.895778	0.967362	1342	1622	113	
NO	de_facto	standard	pass	512	0.892897	0.967501	1553	1833	113	
NP	un	compact	pass	160	0.994114	0.997199	2171	2451	0	
NP	un	standard	pass	512	0.999158	0.999468	5863	6143	0	
NP	de_facto	compact	pass	160	0.994114	0.997199	2171	2451	0	
NP	de_facto	standard	pass	512	0.999158	0.999468	5863	6143	0	
NR	un	compact	pass	512	0.998821	0.999410	93	373	0	
NR	un	standard	pass	512	0.998982	0.999509	105	385	0	
NR	de_facto	compact	pass	512	0.998821	0.999410	93	373	0	
NR	de_facto	standard	pass	512	0.998982	0.999509	105	385	0	
NU	un	compact	pass	512	0.999722	0.999814	355	635	0	
NU	un	standard	pass	512	0.999723	0.999829	406	686	0	
NU	de_facto	compact	pass	512	0.999722	0.999814	355	635	0	
NU	de_facto	standard	pass	512	0.999723	0.999829	406	686	0	
NZ	un	compact	pass	256	0.966800	0.985792	2080	2360	18	
NZ	un	standard	pass	512	0.979275	0.992435	5848	6128	11	
NZ	de_facto	compact	pass	320	0.957457	0.979718	1242	1522	22	
NZ	de_facto	standard	pass	512	0.968716	0.987083	2590	2870	20	
OM	un	compact	pass	224	0.995716	0.998806	2067	2347	2	
OM	un	standard	pass	512	0.997243	0.999765	4534	4814	0	
OM	de_facto	compact	pass	224	0.995716	0.998806	2067	2347	2	
OM	de_facto	standard	pass	512	0.997243	0.999765	4534	4814	0	
PA	un	compact	pass	128	0.966763	0.988540	2188	2468	9	
PA	un	standard	pass	320	0.979167	0.997114	7035	7315	2	
PA	de_facto	compact	pass	128	0.966763	0.988540	2188	2468	9	
PA	de_facto	standard	pass	320	0.979167	0.997114	7035	7315	2	
PE	un	compact	pass	160	0.994626	0.997057	2143	2423	4	
PE	un	standard	pass	512	0.998695	0.999386	7043	7323	4	
PE	de_facto	compact	pass	160	0.994626	0.997057	2143	2423	4	
PE	de_facto	standard	pass	512	0.998695	0.999386	7043	7323	4	
PF	un	compact	pass	512	0.956662	0.967670	665	945	76	
PF	un	standard	pass	512	0.956649	0.967648	772	1052	76	
PF	de_facto	compact	pass	512	0.956662	0.967670	665	945	76	
PF	de_facto	standard	pass	512	0.956649	0.967648	772	1052	76	
PG	un	compact	pass	116	0.968904	0.987515	2126	2406	45	
PG	un	standard	pass	256	0.974257	0.994803	5916	6196	35	
PG	de_facto	compact	pass	116	0.968904	0.987515	2126	2406	45	
PG	de_facto	standard	pass	256	0.974257	0.994803	5916	6196	35	
PH	un	compact	pass	80	0.864556	0.931233	1918	2198	83	
PH	un	standard	pass	224	0.894035	0.983777	7346	7626	60	
PH	de_facto	compact	pass	80	0.864556	0.931233	1918	2198	83	
PH	de_facto	standard	pass	224	0.894035	0.983777	7346	7626	60	
PK	un	compact	pass	128	0.991974	0.995499	2173	2453	1	
PK	un	standard	pass	320	0.997476	0.998825	5547	5827	0	
PK	de_facto	compact	pass	125	0.991446	0.995250	2169	2449	1	
PK	de_facto	standard	pass	320	0.997208	0.998734	5635	5915	0	
PL	un	compact	pass	128	0.996057	0.998051	1992	2272	0	
PL	un	standard	pass	512	0.999594	0.999780	7051	7331	0	
PL	de_facto	compact	pass	128	0.996057	0.998051	1992	2272	0	
PL	de_facto	standard	pass	512	0.999594	0.999780	7051	7331	0	
PM	un	compact	pass	512	0.999732	0.999732	748	1028	0	
PM	un	standard	pass	512	0.999528	0.999717	855	1135	0	
PM	de_facto	compact	pass	512	0.999732	0.999732	748	1028	0	
PM	de_facto	standard	pass	512	0.999528	0.999717	855	1135	0	
PN	un	compact	pass	512	0.999202	0.999645	68	348	3	
PN	un	standard	pass	512	0.999192	0.999661	79	359	3	
PN	de_facto	compact	pass	512	0.999202	0.999645	68	348	3	
PN	de_facto	standard	pass	512	0.999192	0.999661	79	359	3	
PR	un	compact	pass	320	0.996558	0.999482	1943	2223	0	
PR	un	standard	pass	512	0.997719	0.999970	2632	2912	0	
PR	de_facto	compact	pass	320	0.996558	0.999482	1943	2223	0	
PR	de_facto	standard	pass	512	0.997719	0.999970	2632	2912	0	
PS	un	compact	pass	512	0.999938	1.000000	1897	2177	0	
PS	un	standard	pass	512	0.999883	0.999934	2175	2455	0	
PS	de_facto	compact	pass	512	0.999938	1.000000	1897	2177	0	
PS	de_facto	standard	pass	512	0.999883	0.999934	2175	2455	0	
PT	un	compact	pass	320	0.985653	0.993033	1448	1728	8	
PT	un	standard	pass	512	0.991520	0.996044	2791	3071	6	
PT	de_facto	compact	pass	320	0.985653	0.993033	1448	1728	8	
PT	de_facto	standard	pass	512	0.991520	0.996044	2791	3071	6	
PW	un	compact	pass	512	0.987746	0.994052	904	1184	1	
PW	un	standard	pass	512	0.987342	0.993789	1049	1329	1	
PW	de_facto	compact	pass	512	0.987746	0.994052	904	1184	1	
PW	de_facto	standard	pass	512	0.987342	0.993789	1049	1329	1	
PY	un	compact	pass	160	0.997426	0.998932	1985	2265	0	
PY	un	standard	pass	512	0.999588	0.999796	5484	5764	0	
PY	de_facto	compact	pass	160	0.997426	0.998932	1985	2265	0	
PY	de_facto	standard	pass	512	0.999588	0.999796	5484	5764	0	
QA	un	compact	pass	512	0.999901	0.999901	1969	2249	0	
QA	un	standard	pass	512	0.999948	0.999983	2279	2559	0	
QA	de_facto	compact	pass	512	0.999901	0.999901	1969	2249	0	
QA	de_facto	standard	pass	512	0.999948	0.999983	2279	2559	0	
RE	un	compact	pass	512	0.999886	0.999943	771	1051	0	
RE	un	standard	pass	512	0.999940	0.999987	876	1156	0	
RE	de_facto	compact	pass	512	0.999886	0.999943	771	1051	0	
RE	de_facto	standard	pass	512	0.999940	0.999987	876	1156	0	
RO	un	compact	pass	128	0.995319	0.997654	1862	2142	0	
RO	un	standard	pass	512	0.999557	0.999748	6463	6743	0	
RO	de_facto	compact	pass	128	0.995319	0.997654	1862	2142	0	
RO	de_facto	standard	pass	512	0.999557	0.999748	6463	6743	0	
RS	un	compact	pass	128	0.993594	0.996809	2054	2334	0	
RS	un	standard	pass	512	0.999673	0.999807	6256	6536	0	
RS	de_facto	compact	pass	124	0.993265	0.996385	2176	2456	0	
RS	de_facto	standard	pass	512	0.999707	0.999868	6561	6841	0	
RU	un	compact	pass	24	0.921182	0.955074	437	717	208	
RU	un	standard	pass	24	0.920400	0.955056	508	788	208	
RU	de_facto	compact	pass	80	0.961672	0.989190	1656	1936	209	
RU	de_facto	standard	pass	224	0.972442	0.994830	6447	6727	199	
RW	un	compact	pass	224	0.999444	0.999791	2125	2405	0	
RW	un	standard	pass	512	0.999943	0.999975	2914	3194	0	
RW	de_facto	compact	pass	224	0.999444	0.999791	2125	2405	0	
RW	de_facto	standard	pass	512	0.999943	0.999975	2914	3194	0	
SA	un	compact	pass	256	0.998411	0.999184	1905	2185	9	
SA	un	standard	pass	512	0.998921	0.999621	4408	4688	5	
SA	de_facto	compact	pass	256	0.998411	0.999184	1905	2185	9	
SA	de_facto	standard	pass	512	0.998921	0.999621	4408	4688	5	
SB	un	compact	pass	224	0.890638	0.970252	2112	2392	26	
SB	un	standard	pass	512	0.987814	0.993535	5941	6221	10	
SB	de_facto	compact	pass	224	0.890638	0.970252	2112	2392	26	
SB	de_facto	standard	pass	512	0.987814	0.993535	5941	6221	10	
SC	un	compact	pass	512	0.888221	0.913067	442	722	20	
SC	un	standard	pass	512	0.888089	0.912994	511	791	20	
SC	de_facto	compact	pass	512	0.888221	0.913067	442	722	20	
SC	de_facto	standard	pass	512	0.888089	0.912994	511	791	20	
SD	un	compact	pass	224	0.998549	0.999244	2093	2373	1	
SD	un	standard	pass	512	0.999665	0.999854	4237	4517	0	
SD	de_facto	compact	pass	224	0.998648	0.999338	2098	2378	1	
SD	de_facto	standard	pass	512	0.999667	0.999855	4264	4544	0	
SE	un	compact	pass	160	0.977846	0.993349	2098	2378	37	
SE	un	standard	pass	320	0.982312	0.996645	5058	5338	33	
SE	de_facto	compact	pass	160	0.977846	0.993349	2098	2378	37	
SE	de_facto	standard	pass	320	0.982312	0.996645	5058	5338	33	
SG	un	compact	pass	512	0.999780	0.999890	377	657	0	
SG	un	standard	pass	512	0.999825	0.999884	435	715	0	
SG	de_facto	compact	pass	512	0.999780	0.999890	377	657	0	
SG	de_facto	standard	pass	512	0.999825	0.999884	435	715	0	
SH	un	compact	fail							512:error:geometry protected_feature_loss entity=SH field=visible_component: source component 0 contribution=1 threshold=110 was lost; 320:error:geometry protected_feature_loss entity=SH field=visible_component: source component 0 contribution=1 threshold=110 was lost; 256:error:geometry protected_feature_loss entity=SH field=visible_component: source component 0 contribution=1 threshold=110 was lost; 224:error:geometry protected_feature_loss entity=SH field=visible_component: source component 0 contribution=1 threshold=110 was lost; 192:error:geometry protected_feature_loss entity=SH field=visible_component: source component 0 contribution=1 threshold=110 was lost; 160:error:geometry protected_feature_loss entity=SH field=visible_component: source component 0 contribution=1 threshold=110 was lost; 128:error:geometry protected_feature_loss entity=SH field=visible_component: source component 0 contribution=1 threshold=110 was lost; 127:error:geometry protected_feature_loss entity=SH field=visible_component: source component 0 contribution=1 threshold=110 was lost; 126:error:geometry protected_feature_loss entity=SH field=visible_component: source component 0 contribution=1 threshold=110 was lost; 125:error:geometry protected_feature_loss entity=SH field=visible_component: source component 0 contribution=1 threshold=110 was lost; 124:error:geometry protected_feature_loss entity=SH field=visible_component: source component 0 contribution=1 threshold=110 was lost; 123:error:geometry protected_feature_loss entity=SH field=visible_component: source component 0 contribution=1 threshold=110 was lost; 122:error:geometry protected_feature_loss entity=SH field=visible_component: source component 0 contribution=1 threshold=110 was lost; 121:error:geometry protected_feature_loss entity=SH field=visible_component: source component 0 contribution=1 threshold=110 was lost; 120:error:geometry protected_feature_loss entity=SH field=visible_component: source component 0 contribution=1 threshold=110 was lost; 116:error:geometry protected_feature_loss entity=SH field=visible_component: source component 0 contribution=1 threshold=110 was lost; 112:error:geometry protected_feature_loss entity=SH field=visible_component: source component 0 contribution=1 threshold=110 was lost; 108:error:geometry protected_feature_loss entity=SH field=visible_component: source component 0 contribution=1 threshold=110 was lost; 104:error:geometry protected_feature_loss entity=SH field=visible_component: source component 0 contribution=1 threshold=110 was lost; 100:error:geometry protected_feature_loss entity=SH field=visible_component: source component 0 contribution=1 threshold=110 was lost; 96:error:geometry protected_feature_loss entity=SH field=visible_component: source component 0 contribution=1 threshold=110 was lost; 80:error:geometry protected_feature_loss entity=SH field=visible_component: source component 0 contribution=1 threshold=110 was lost; 64:error:geometry protected_feature_loss entity=SH field=visible_component: source component 0 contribution=1 threshold=110 was lost; 48:error:geometry protected_feature_loss entity=SH field=visible_component: source component 0 contribution=1 threshold=110 was lost; 32:error:geometry protected_feature_loss entity=SH field=visible_component: source component 0 contribution=1 threshold=110 was lost; 24:error:geometry protected_feature_loss entity=SH field=visible_component: source component 0 contribution=1 threshold=110 was lost; 16:error:geometry protected_feature_loss entity=SH field=visible_component: source component 0 contribution=1 threshold=110 was lost; 12:error:geometry protected_feature_loss entity=SH field=visible_component: source component 0 contribution=1 threshold=110 was lost; 8:error:geometry protected_feature_loss entity=SH field=visible_component: source component 0 contribution=1 threshold=110 was lost
SH	un	standard	fail							512:error:geometry protected_feature_loss entity=SH field=visible_component: source component 0 contribution=5 threshold=900 was lost; 320:error:geometry protected_feature_loss entity=SH field=visible_component: source component 0 contribution=5 threshold=900 was lost; 256:error:geometry protected_feature_loss entity=SH field=visible_component: source component 0 contribution=5 threshold=900 was lost; 224:error:geometry protected_feature_loss entity=SH field=visible_component: source component 0 contribution=5 threshold=900 was lost; 192:error:geometry protected_feature_loss entity=SH field=visible_component: source component 0 contribution=5 threshold=900 was lost; 160:error:geometry protected_feature_loss entity=SH field=visible_component: source component 0 contribution=5 threshold=900 was lost; 128:error:geometry protected_feature_loss entity=SH field=visible_component: source component 0 contribution=5 threshold=900 was lost; 127:error:geometry protected_feature_loss entity=SH field=visible_component: source component 0 contribution=5 threshold=900 was lost; 126:error:geometry protected_feature_loss entity=SH field=visible_component: source component 0 contribution=5 threshold=900 was lost; 125:error:geometry protected_feature_loss entity=SH field=visible_component: source component 0 contribution=5 threshold=900 was lost; 124:error:geometry protected_feature_loss entity=SH field=visible_component: source component 0 contribution=5 threshold=900 was lost; 123:error:geometry protected_feature_loss entity=SH field=visible_component: source component 0 contribution=5 threshold=900 was lost; 122:error:geometry protected_feature_loss entity=SH field=visible_component: source component 0 contribution=5 threshold=900 was lost; 121:error:geometry protected_feature_loss entity=SH field=visible_component: source component 0 contribution=5 threshold=900 was lost; 120:error:geometry protected_feature_loss entity=SH field=visible_component: source component 0 contribution=5 threshold=900 was lost; 116:error:geometry protected_feature_loss entity=SH field=visible_component: source component 0 contribution=5 threshold=900 was lost; 112:error:geometry protected_feature_loss entity=SH field=visible_component: source component 0 contribution=5 threshold=900 was lost; 108:error:geometry protected_feature_loss entity=SH field=visible_component: source component 0 contribution=5 threshold=900 was lost; 104:error:geometry protected_feature_loss entity=SH field=visible_component: source component 0 contribution=5 threshold=900 was lost; 100:error:geometry protected_feature_loss entity=SH field=visible_component: source component 0 contribution=5 threshold=900 was lost; 96:error:geometry protected_feature_loss entity=SH field=visible_component: source component 0 contribution=5 threshold=900 was lost; 80:error:geometry protected_feature_loss entity=SH field=visible_component: source component 0 contribution=5 threshold=900 was lost; 64:error:geometry protected_feature_loss entity=SH field=visible_component: source component 0 contribution=5 threshold=900 was lost; 48:error:geometry protected_feature_loss entity=SH field=visible_component: source component 0 contribution=5 threshold=900 was lost; 32:error:geometry protected_feature_loss entity=SH field=visible_component: source component 0 contribution=5 threshold=900 was lost; 24:error:geometry protected_feature_loss entity=SH field=visible_component: source component 0 contribution=5 threshold=900 was lost; 16:error:geometry protected_feature_loss entity=SH field=visible_component: source component 0 contribution=5 threshold=900 was lost; 12:error:geometry protected_feature_loss entity=SH field=visible_component: source component 0 contribution=5 threshold=900 was lost; 8:error:geometry protected_feature_loss entity=SH field=visible_component: source component 0 contribution=5 threshold=900 was lost
SH	de_facto	compact	fail							512:error:geometry protected_feature_loss entity=SH field=visible_component: source component 0 contribution=1 threshold=110 was lost; 320:error:geometry protected_feature_loss entity=SH field=visible_component: source component 0 contribution=1 threshold=110 was lost; 256:error:geometry protected_feature_loss entity=SH field=visible_component: source component 0 contribution=1 threshold=110 was lost; 224:error:geometry protected_feature_loss entity=SH field=visible_component: source component 0 contribution=1 threshold=110 was lost; 192:error:geometry protected_feature_loss entity=SH field=visible_component: source component 0 contribution=1 threshold=110 was lost; 160:error:geometry protected_feature_loss entity=SH field=visible_component: source component 0 contribution=1 threshold=110 was lost; 128:error:geometry protected_feature_loss entity=SH field=visible_component: source component 0 contribution=1 threshold=110 was lost; 127:error:geometry protected_feature_loss entity=SH field=visible_component: source component 0 contribution=1 threshold=110 was lost; 126:error:geometry protected_feature_loss entity=SH field=visible_component: source component 0 contribution=1 threshold=110 was lost; 125:error:geometry protected_feature_loss entity=SH field=visible_component: source component 0 contribution=1 threshold=110 was lost; 124:error:geometry protected_feature_loss entity=SH field=visible_component: source component 0 contribution=1 threshold=110 was lost; 123:error:geometry protected_feature_loss entity=SH field=visible_component: source component 0 contribution=1 threshold=110 was lost; 122:error:geometry protected_feature_loss entity=SH field=visible_component: source component 0 contribution=1 threshold=110 was lost; 121:error:geometry protected_feature_loss entity=SH field=visible_component: source component 0 contribution=1 threshold=110 was lost; 120:error:geometry protected_feature_loss entity=SH field=visible_component: source component 0 contribution=1 threshold=110 was lost; 116:error:geometry protected_feature_loss entity=SH field=visible_component: source component 0 contribution=1 threshold=110 was lost; 112:error:geometry protected_feature_loss entity=SH field=visible_component: source component 0 contribution=1 threshold=110 was lost; 108:error:geometry protected_feature_loss entity=SH field=visible_component: source component 0 contribution=1 threshold=110 was lost; 104:error:geometry protected_feature_loss entity=SH field=visible_component: source component 0 contribution=1 threshold=110 was lost; 100:error:geometry protected_feature_loss entity=SH field=visible_component: source component 0 contribution=1 threshold=110 was lost; 96:error:geometry protected_feature_loss entity=SH field=visible_component: source component 0 contribution=1 threshold=110 was lost; 80:error:geometry protected_feature_loss entity=SH field=visible_component: source component 0 contribution=1 threshold=110 was lost; 64:error:geometry protected_feature_loss entity=SH field=visible_component: source component 0 contribution=1 threshold=110 was lost; 48:error:geometry protected_feature_loss entity=SH field=visible_component: source component 0 contribution=1 threshold=110 was lost; 32:error:geometry protected_feature_loss entity=SH field=visible_component: source component 0 contribution=1 threshold=110 was lost; 24:error:geometry protected_feature_loss entity=SH field=visible_component: source component 0 contribution=1 threshold=110 was lost; 16:error:geometry protected_feature_loss entity=SH field=visible_component: source component 0 contribution=1 threshold=110 was lost; 12:error:geometry protected_feature_loss entity=SH field=visible_component: source component 0 contribution=1 threshold=110 was lost; 8:error:geometry protected_feature_loss entity=SH field=visible_component: source component 0 contribution=1 threshold=110 was lost
SH	de_facto	standard	fail							512:error:geometry protected_feature_loss entity=SH field=visible_component: source component 0 contribution=5 threshold=900 was lost; 320:error:geometry protected_feature_loss entity=SH field=visible_component: source component 0 contribution=5 threshold=900 was lost; 256:error:geometry protected_feature_loss entity=SH field=visible_component: source component 0 contribution=5 threshold=900 was lost; 224:error:geometry protected_feature_loss entity=SH field=visible_component: source component 0 contribution=5 threshold=900 was lost; 192:error:geometry protected_feature_loss entity=SH field=visible_component: source component 0 contribution=5 threshold=900 was lost; 160:error:geometry protected_feature_loss entity=SH field=visible_component: source component 0 contribution=5 threshold=900 was lost; 128:error:geometry protected_feature_loss entity=SH field=visible_component: source component 0 contribution=5 threshold=900 was lost; 127:error:geometry protected_feature_loss entity=SH field=visible_component: source component 0 contribution=5 threshold=900 was lost; 126:error:geometry protected_feature_loss entity=SH field=visible_component: source component 0 contribution=5 threshold=900 was lost; 125:error:geometry protected_feature_loss entity=SH field=visible_component: source component 0 contribution=5 threshold=900 was lost; 124:error:geometry protected_feature_loss entity=SH field=visible_component: source component 0 contribution=5 threshold=900 was lost; 123:error:geometry protected_feature_loss entity=SH field=visible_component: source component 0 contribution=5 threshold=900 was lost; 122:error:geometry protected_feature_loss entity=SH field=visible_component: source component 0 contribution=5 threshold=900 was lost; 121:error:geometry protected_feature_loss entity=SH field=visible_component: source component 0 contribution=5 threshold=900 was lost; 120:error:geometry protected_feature_loss entity=SH field=visible_component: source component 0 contribution=5 threshold=900 was lost; 116:error:geometry protected_feature_loss entity=SH field=visible_component: source component 0 contribution=5 threshold=900 was lost; 112:error:geometry protected_feature_loss entity=SH field=visible_component: source component 0 contribution=5 threshold=900 was lost; 108:error:geometry protected_feature_loss entity=SH field=visible_component: source component 0 contribution=5 threshold=900 was lost; 104:error:geometry protected_feature_loss entity=SH field=visible_component: source component 0 contribution=5 threshold=900 was lost; 100:error:geometry protected_feature_loss entity=SH field=visible_component: source component 0 contribution=5 threshold=900 was lost; 96:error:geometry protected_feature_loss entity=SH field=visible_component: source component 0 contribution=5 threshold=900 was lost; 80:error:geometry protected_feature_loss entity=SH field=visible_component: source component 0 contribution=5 threshold=900 was lost; 64:error:geometry protected_feature_loss entity=SH field=visible_component: source component 0 contribution=5 threshold=900 was lost; 48:error:geometry protected_feature_loss entity=SH field=visible_component: source component 0 contribution=5 threshold=900 was lost; 32:error:geometry protected_feature_loss entity=SH field=visible_component: source component 0 contribution=5 threshold=900 was lost; 24:error:geometry protected_feature_loss entity=SH field=visible_component: source component 0 contribution=5 threshold=900 was lost; 16:error:geometry protected_feature_loss entity=SH field=visible_component: source component 0 contribution=5 threshold=900 was lost; 12:error:geometry protected_feature_loss entity=SH field=visible_component: source component 0 contribution=5 threshold=900 was lost; 8:error:geometry protected_feature_loss entity=SH field=visible_component: source component 0 contribution=5 threshold=900 was lost
SI	un	compact	pass	160	0.997708	0.998952	2102	2382	0	
SI	un	standard	pass	512	0.999888	0.999930	3962	4242	0	
SI	de_facto	compact	pass	160	0.997708	0.998952	2102	2382	0	
SI	de_facto	standard	pass	512	0.999888	0.999930	3962	4242	0	
SJ	un	compact	pass	160	0.906358	0.975094	2104	2384	13	
SJ	un	standard	pass	320	0.941927	0.989717	5445	5725	9	
SJ	de_facto	compact	pass	160	0.906358	0.975094	2104	2384	13	
SJ	de_facto	standard	pass	320	0.941927	0.989717	5445	5725	9	
SK	un	compact	pass	192	0.997484	0.998992	2049	2329	0	
SK	un	standard	pass	512	0.999787	0.999882	4100	4380	0	
SK	de_facto	compact	pass	192	0.997484	0.998992	2049	2329	0	
SK	de_facto	standard	pass	512	0.999787	0.999882	4100	4380	0	
SL	un	compact	pass	128	0.994907	0.998137	1990	2270	0	
SL	un	standard	pass	512	0.999890	0.999950	5715	5995	0	
SL	de_facto	compact	pass	128	0.994907	0.998137	1990	2270	0	
SL	de_facto	standard	pass	512	0.999890	0.999950	5715	5995	0	
SM	un	compact	pass	512	0.999416	0.999474	182	462	0	
SM	un	standard	pass	512	0.999142	0.999279	200	480	0	
SM	de_facto	compact	pass	512	0.999416	0.999474	182	462	0	
SM	de_facto	standard	pass	512	0.999142	0.999279	200	480	0	
SN	un	compact	pass	128	0.991835	0.997614	2183	2463	0	
SN	un	standard	pass	320	0.998204	0.999211	5835	6115	0	
SN	de_facto	compact	pass	128	0.991835	0.997614	2183	2463	0	
SN	de_facto	standard	pass	320	0.998204	0.999211	5835	6115	0	
SO	un	compact	pass	256	0.998313	0.999187	1954	2234	0	
SO	un	standard	pass	512	0.999543	0.999816	3505	3785	0	
SO	de_facto	compact	pass	512	0.999323	0.999831	2000	2280	0	
SO	de_facto	standard	pass	512	0.999472	0.999771	2342	2622	0	
SR	un	compact	pass	128	0.996539	0.998536	1935	2215	0	
SR	un	standard	pass	512	0.999873	0.999946	5494	5774	0	
SR	de_facto	compact	pass	128	0.996539	0.998536	1935	2215	0	
SR	de_facto	standard	pass	512	0.999873	0.999946	5494	5774	0	
SS	un	compact	pass	192	0.997479	0.998691	2150	2430	0	
SS	un	standard	pass	512	0.999478	0.999742	4996	5276	0	
SS	de_facto	compact	pass	192	0.997526	0.998691	2162	2442	0	
SS	de_facto	standard	pass	512	0.999472	0.999736	4979	5259	0	
ST	un	compact	pass	512	1.000000	1.000000	788	1068	0	
ST	un	standard	pass	512	0.999796	0.999796	904	1184	0	
ST	de_facto	compact	pass	512	1.000000	1.000000	788	1068	0	
ST	de_facto	standard	pass	512	0.999796	0.999796	904	1184	0	
SV	un	compact	pass	224	0.998233	0.999657	2161	2441	0	
SV	un	standard	pass	512	0.998960	0.999926	3309	3589	0	
SV	de_facto	compact	pass	224	0.998233	0.999657	2161	2441	0	
SV	de_facto	standard	pass	512	0.998960	0.999926	3309	3589	0	
SX	un	compact	pass	512	0.998470	0.999915	81	361	0	
SX	un	standard	pass	512	0.998541	0.999940	95	375	0	
SX	de_facto	compact	pass	512	0.998470	0.999915	81	361	0	
SX	de_facto	standard	pass	512	0.998541	0.999940	95	375	0	
SY	un	compact	pass	256	0.999207	0.999504	2179	2459	0	
SY	un	standard	pass	512	0.999825	0.999903	3710	3990	0	
SY	de_facto	compact	pass	256	0.999207	0.999504	2179	2459	0	
SY	de_facto	standard	pass	512	0.999825	0.999903	3710	3990	0	
SZ	un	compact	pass	512	0.999969	1.000000	699	979	0	
SZ	un	standard	pass	512	0.999956	0.999978	811	1091	0	
SZ	de_facto	compact	pass	512	0.999969	1.000000	699	979	0	
SZ	de_facto	standard	pass	512	0.999956	0.999978	811	1091	0	
TC	un	compact	pass	512	0.991991	0.999616	1722	2002	0	
TC	un	standard	pass	512	0.991230	0.999327	1981	2261	0	
TC	de_facto	compact	pass	512	0.991991	0.999616	1722	2002	0	
TC	de_facto	standard	pass	512	0.991230	0.999327	1981	2261	0	
TD	un	compact	pass	320	0.999226	0.999613	2104	2384	0	
TD	un	standard	pass	512	0.999590	0.999823	3629	3909	0	
TD	de_facto	compact	pass	320	0.999226	0.999613	2104	2384	0	
TD	de_facto	standard	pass	512	0.999590	0.999823	3629	3909	0	
TF	un	compact	pass	512	0.813619	0.925301	419	699	16	
TF	un	standard	pass	512	0.813378	0.925154	487	767	16	
TF	de_facto	compact	pass	512	0.813619	0.925301	419	699	16	
TF	de_facto	standard	pass	512	0.813378	0.925154	487	767	16	
TG	un	compact	pass	256	0.998382	0.999238	1978	2258	0	
TG	un	standard	pass	512	0.999754	0.999843	3251	3531	0	
TG	de_facto	compact	pass	256	0.998382	0.999238	1978	2258	0	
TG	de_facto	standard	pass	512	0.999754	0.999843	3251	3531	0	
TH	un	compact	pass	128	0.984692	0.993511	2141	2421	18	
TH	un	standard	pass	320	0.990952	0.997087	6241	6521	10	
TH	de_facto	compact	pass	128	0.984692	0.993511	2141	2421	18	
TH	de_facto	standard	pass	320	0.990952	0.997087	6241	6521	10	
TJ	un	compact	pass	104	0.985301	0.992908	2114	2394	1	
TJ	un	standard	pass	320	0.996831	0.998892	6041	6321	0	
TJ	de_facto	compact	pass	104	0.985301	0.992908	2114	2394	1	
TJ	de_facto	standard	pass	320	0.996831	0.998892	6041	6321	0	
TK	un	compact	pass	512	0.991031	0.995587	151	431	0	
TK	un	standard	pass	512	0.990971	0.996032	176	456	0	
TK	de_facto	compact	pass	512	0.991031	0.995587	151	431	0	
TK	de_facto	standard	pass	512	0.990971	0.996032	176	456	0	
TL	un	compact	pass	512	0.999548	0.999849	2072	2352	0	
TL	un	standard	pass	512	0.999805	0.999911	2391	2671	0	
TL	de_facto	compact	pass	512	0.999548	0.999849	2072	2352	0	
TL	de_facto	standard	pass	512	0.999805	0.999911	2391	2671	0	
TM	un	compact	pass	128	0.991841	0.996260	1962	2242	2	
TM	un	standard	pass	512	0.998694	0.999314	6996	7276	0	
TM	de_facto	compact	pass	128	0.991841	0.996260	1962	2242	2	
TM	de_facto	standard	pass	512	0.998694	0.999314	6996	7276	0	
TN	un	compact	pass	192	0.992175	0.998397	2069	2349	0	
TN	un	standard	pass	512	0.995546	0.999828	4487	4767	0	
TN	de_facto	compact	pass	192	0.992175	0.998397	2069	2349	0	
TN	de_facto	standard	pass	512	0.995546	0.999828	4487	4767	0	
TO	un	compact	pass	512	0.963396	0.968480	891	1171	1	
TO	un	standard	pass	512	0.963258	0.968415	1027	1307	1	
TO	de_facto	compact	pass	512	0.963396	0.968480	891	1171	1	
TO	de_facto	standard	pass	512	0.963258	0.968415	1027	1307	1	
TR	un	compact	pass	128	0.986896	0.992520	2039	2319	4	
TR	un	standard	pass	320	0.995498	0.997775	5859	6139	2	
TR	de_facto	compact	pass	128	0.986896	0.992520	2039	2319	4	
TR	de_facto	standard	pass	320	0.995498	0.997775	5859	6139	2	
TT	un	compact	pass	512	0.999920	1.000000	1538	1818	0	
TT	un	standard	pass	512	0.999878	0.999888	1768	2048	0	
TT	de_facto	compact	pass	512	0.999920	1.000000	1538	1818	0	
TT	de_facto	standard	pass	512	0.999878	0.999888	1768	2048	0	
TV	un	compact	pass	512	0.898135	0.910391	237	517	4	
TV	un	standard	pass	512	0.898372	0.910123	268	548	4	
TV	de_facto	compact	pass	512	0.898135	0.910391	237	517	4	
TV	de_facto	standard	pass	512	0.898372	0.910123	268	548	4	
TW	un	compact	pass	192	0.995290	0.998425	1988	2268	1	
TW	un	standard	pass	512	0.997747	0.999944	4235	4515	0	
TW	de_facto	compact	pass	192	0.995290	0.998425	1988	2268	1	
TW	de_facto	standard	pass	512	0.997747	0.999944	4235	4515	0	
TZ	un	compact	pass	160	0.995110	0.998863	2110	2390	3	
TZ	un	standard	pass	512	0.996426	0.999772	6812	7092	0	
TZ	de_facto	compact	pass	160	0.995110	0.998863	2110	2390	3	
TZ	de_facto	standard	pass	512	0.996426	0.999772	6812	7092	0	
UA	un	compact	pass	128	0.988431	0.993919	2090	2370	3	
UA	un	standard	pass	320	0.996260	0.998374	6140	6420	2	
UA	de_facto	compact	pass	128	0.988431	0.993919	2090	2370	3	
UA	de_facto	standard	pass	320	0.996260	0.998374	6140	6420	2	
UG	un	compact	pass	224	0.999198	0.999627	2149	2429	0	
UG	un	standard	pass	512	0.999879	0.999929	3807	4087	0	
UG	de_facto	compact	pass	224	0.999198	0.999627	2149	2429	0	
UG	de_facto	standard	pass	512	0.999879	0.999929	3807	4087	0	
UM	un	compact	fail							512:error:geometry protected_feature_loss entity=UM field=visible_component: source component 0 contribution=0 threshold=110 was lost; 320:error:geometry protected_feature_loss entity=UM field=visible_component: source component 0 contribution=0 threshold=110 was lost; 256:error:geometry protected_feature_loss entity=UM field=visible_component: source component 0 contribution=0 threshold=110 was lost; 224:error:geometry protected_feature_loss entity=UM field=visible_component: source component 0 contribution=0 threshold=110 was lost; 192:error:geometry protected_feature_loss entity=UM field=visible_component: source component 0 contribution=0 threshold=110 was lost; 160:error:geometry protected_feature_loss entity=UM field=visible_component: source component 0 contribution=0 threshold=110 was lost; 128:error:geometry protected_feature_loss entity=UM field=visible_component: source component 0 contribution=0 threshold=110 was lost; 127:error:geometry protected_feature_loss entity=UM field=visible_component: source component 0 contribution=0 threshold=110 was lost; 126:error:geometry protected_feature_loss entity=UM field=visible_component: source component 0 contribution=0 threshold=110 was lost; 125:error:geometry protected_feature_loss entity=UM field=visible_component: source component 0 contribution=0 threshold=110 was lost; 124:error:geometry protected_feature_loss entity=UM field=visible_component: source component 0 contribution=0 threshold=110 was lost; 123:error:geometry protected_feature_loss entity=UM field=visible_component: source component 0 contribution=0 threshold=110 was lost; 122:error:geometry protected_feature_loss entity=UM field=visible_component: source component 0 contribution=0 threshold=110 was lost; 121:error:geometry protected_feature_loss entity=UM field=visible_component: source component 0 contribution=0 threshold=110 was lost; 120:error:geometry protected_feature_loss entity=UM field=visible_component: source component 0 contribution=0 threshold=110 was lost; 116:error:geometry protected_feature_loss entity=UM field=visible_component: source component 0 contribution=0 threshold=110 was lost; 112:error:geometry protected_feature_loss entity=UM field=visible_component: source component 0 contribution=0 threshold=110 was lost; 108:error:geometry protected_feature_loss entity=UM field=visible_component: source component 0 contribution=0 threshold=110 was lost; 104:error:geometry protected_feature_loss entity=UM field=visible_component: source component 0 contribution=0 threshold=110 was lost; 100:error:geometry protected_feature_loss entity=UM field=visible_component: source component 0 contribution=0 threshold=110 was lost; 96:error:geometry protected_feature_loss entity=UM field=visible_component: source component 0 contribution=0 threshold=110 was lost; 80:error:geometry protected_feature_loss entity=UM field=visible_component: source component 0 contribution=0 threshold=110 was lost; 64:error:geometry protected_feature_loss entity=UM field=visible_component: source component 0 contribution=0 threshold=110 was lost; 48:error:geometry protected_feature_loss entity=UM field=visible_component: source component 0 contribution=0 threshold=110 was lost; 32:error:geometry protected_feature_loss entity=UM field=visible_component: source component 0 contribution=0 threshold=110 was lost; 24:error:geometry protected_feature_loss entity=UM field=visible_component: source component 0 contribution=0 threshold=110 was lost; 16:error:geometry protected_feature_loss entity=UM field=visible_component: source component 0 contribution=0 threshold=110 was lost; 12:error:geometry protected_feature_loss entity=UM field=visible_component: source component 0 contribution=0 threshold=110 was lost; 8:error:geometry protected_feature_loss entity=UM field=visible_component: source component 0 contribution=0 threshold=110 was lost
UM	un	standard	fail							512:error:geometry protected_feature_loss entity=UM field=visible_component: source component 0 contribution=0 threshold=900 was lost; 320:error:geometry protected_feature_loss entity=UM field=visible_component: source component 0 contribution=0 threshold=900 was lost; 256:error:geometry protected_feature_loss entity=UM field=visible_component: source component 0 contribution=0 threshold=900 was lost; 224:error:geometry protected_feature_loss entity=UM field=visible_component: source component 0 contribution=0 threshold=900 was lost; 192:error:geometry protected_feature_loss entity=UM field=visible_component: source component 0 contribution=0 threshold=900 was lost; 160:error:geometry protected_feature_loss entity=UM field=visible_component: source component 0 contribution=0 threshold=900 was lost; 128:error:geometry protected_feature_loss entity=UM field=visible_component: source component 0 contribution=0 threshold=900 was lost; 127:error:geometry protected_feature_loss entity=UM field=visible_component: source component 0 contribution=0 threshold=900 was lost; 126:error:geometry protected_feature_loss entity=UM field=visible_component: source component 0 contribution=0 threshold=900 was lost; 125:error:geometry protected_feature_loss entity=UM field=visible_component: source component 0 contribution=0 threshold=900 was lost; 124:error:geometry protected_feature_loss entity=UM field=visible_component: source component 0 contribution=0 threshold=900 was lost; 123:error:geometry protected_feature_loss entity=UM field=visible_component: source component 0 contribution=0 threshold=900 was lost; 122:error:geometry protected_feature_loss entity=UM field=visible_component: source component 0 contribution=0 threshold=900 was lost; 121:error:geometry protected_feature_loss entity=UM field=visible_component: source component 0 contribution=0 threshold=900 was lost; 120:error:geometry protected_feature_loss entity=UM field=visible_component: source component 0 contribution=0 threshold=900 was lost; 116:error:geometry protected_feature_loss entity=UM field=visible_component: source component 0 contribution=0 threshold=900 was lost; 112:error:geometry protected_feature_loss entity=UM field=visible_component: source component 0 contribution=0 threshold=900 was lost; 108:error:geometry protected_feature_loss entity=UM field=visible_component: source component 0 contribution=0 threshold=900 was lost; 104:error:geometry protected_feature_loss entity=UM field=visible_component: source component 0 contribution=0 threshold=900 was lost; 100:error:geometry protected_feature_loss entity=UM field=visible_component: source component 0 contribution=0 threshold=900 was lost; 96:error:geometry protected_feature_loss entity=UM field=visible_component: source component 0 contribution=0 threshold=900 was lost; 80:error:geometry protected_feature_loss entity=UM field=visible_component: source component 0 contribution=0 threshold=900 was lost; 64:error:geometry protected_feature_loss entity=UM field=visible_component: source component 0 contribution=0 threshold=900 was lost; 48:error:geometry protected_feature_loss entity=UM field=visible_component: source component 0 contribution=0 threshold=900 was lost; 32:error:geometry protected_feature_loss entity=UM field=visible_component: source component 0 contribution=0 threshold=900 was lost; 24:error:geometry protected_feature_loss entity=UM field=visible_component: source component 0 contribution=0 threshold=900 was lost; 16:error:geometry protected_feature_loss entity=UM field=visible_component: source component 0 contribution=0 threshold=900 was lost; 12:error:geometry protected_feature_loss entity=UM field=visible_component: source component 0 contribution=0 threshold=900 was lost; 8:error:geometry protected_feature_loss entity=UM field=visible_component: source component 0 contribution=0 threshold=900 was lost
UM	de_facto	compact	fail							512:error:geometry protected_feature_loss entity=UM field=visible_component: source component 0 contribution=0 threshold=110 was lost; 320:error:geometry protected_feature_loss entity=UM field=visible_component: source component 0 contribution=0 threshold=110 was lost; 256:error:geometry protected_feature_loss entity=UM field=visible_component: source component 0 contribution=0 threshold=110 was lost; 224:error:geometry protected_feature_loss entity=UM field=visible_component: source component 0 contribution=0 threshold=110 was lost; 192:error:geometry protected_feature_loss entity=UM field=visible_component: source component 0 contribution=0 threshold=110 was lost; 160:error:geometry protected_feature_loss entity=UM field=visible_component: source component 0 contribution=0 threshold=110 was lost; 128:error:geometry protected_feature_loss entity=UM field=visible_component: source component 0 contribution=0 threshold=110 was lost; 127:error:geometry protected_feature_loss entity=UM field=visible_component: source component 0 contribution=0 threshold=110 was lost; 126:error:geometry protected_feature_loss entity=UM field=visible_component: source component 0 contribution=0 threshold=110 was lost; 125:error:geometry protected_feature_loss entity=UM field=visible_component: source component 0 contribution=0 threshold=110 was lost; 124:error:geometry protected_feature_loss entity=UM field=visible_component: source component 0 contribution=0 threshold=110 was lost; 123:error:geometry protected_feature_loss entity=UM field=visible_component: source component 0 contribution=0 threshold=110 was lost; 122:error:geometry protected_feature_loss entity=UM field=visible_component: source component 0 contribution=0 threshold=110 was lost; 121:error:geometry protected_feature_loss entity=UM field=visible_component: source component 0 contribution=0 threshold=110 was lost; 120:error:geometry protected_feature_loss entity=UM field=visible_component: source component 0 contribution=0 threshold=110 was lost; 116:error:geometry protected_feature_loss entity=UM field=visible_component: source component 0 contribution=0 threshold=110 was lost; 112:error:geometry protected_feature_loss entity=UM field=visible_component: source component 0 contribution=0 threshold=110 was lost; 108:error:geometry protected_feature_loss entity=UM field=visible_component: source component 0 contribution=0 threshold=110 was lost; 104:error:geometry protected_feature_loss entity=UM field=visible_component: source component 0 contribution=0 threshold=110 was lost; 100:error:geometry protected_feature_loss entity=UM field=visible_component: source component 0 contribution=0 threshold=110 was lost; 96:error:geometry protected_feature_loss entity=UM field=visible_component: source component 0 contribution=0 threshold=110 was lost; 80:error:geometry protected_feature_loss entity=UM field=visible_component: source component 0 contribution=0 threshold=110 was lost; 64:error:geometry protected_feature_loss entity=UM field=visible_component: source component 0 contribution=0 threshold=110 was lost; 48:error:geometry protected_feature_loss entity=UM field=visible_component: source component 0 contribution=0 threshold=110 was lost; 32:error:geometry protected_feature_loss entity=UM field=visible_component: source component 0 contribution=0 threshold=110 was lost; 24:error:geometry protected_feature_loss entity=UM field=visible_component: source component 0 contribution=0 threshold=110 was lost; 16:error:geometry protected_feature_loss entity=UM field=visible_component: source component 0 contribution=0 threshold=110 was lost; 12:error:geometry protected_feature_loss entity=UM field=visible_component: source component 0 contribution=0 threshold=110 was lost; 8:error:geometry protected_feature_loss entity=UM field=visible_component: source component 0 contribution=0 threshold=110 was lost
UM	de_facto	standard	fail							512:error:geometry protected_feature_loss entity=UM field=visible_component: source component 0 contribution=0 threshold=900 was lost; 320:error:geometry protected_feature_loss entity=UM field=visible_component: source component 0 contribution=0 threshold=900 was lost; 256:error:geometry protected_feature_loss entity=UM field=visible_component: source component 0 contribution=0 threshold=900 was lost; 224:error:geometry protected_feature_loss entity=UM field=visible_component: source component 0 contribution=0 threshold=900 was lost; 192:error:geometry protected_feature_loss entity=UM field=visible_component: source component 0 contribution=0 threshold=900 was lost; 160:error:geometry protected_feature_loss entity=UM field=visible_component: source component 0 contribution=0 threshold=900 was lost; 128:error:geometry protected_feature_loss entity=UM field=visible_component: source component 0 contribution=0 threshold=900 was lost; 127:error:geometry protected_feature_loss entity=UM field=visible_component: source component 0 contribution=0 threshold=900 was lost; 126:error:geometry protected_feature_loss entity=UM field=visible_component: source component 0 contribution=0 threshold=900 was lost; 125:error:geometry protected_feature_loss entity=UM field=visible_component: source component 0 contribution=0 threshold=900 was lost; 124:error:geometry protected_feature_loss entity=UM field=visible_component: source component 0 contribution=0 threshold=900 was lost; 123:error:geometry protected_feature_loss entity=UM field=visible_component: source component 0 contribution=0 threshold=900 was lost; 122:error:geometry protected_feature_loss entity=UM field=visible_component: source component 0 contribution=0 threshold=900 was lost; 121:error:geometry protected_feature_loss entity=UM field=visible_component: source component 0 contribution=0 threshold=900 was lost; 120:error:geometry protected_feature_loss entity=UM field=visible_component: source component 0 contribution=0 threshold=900 was lost; 116:error:geometry protected_feature_loss entity=UM field=visible_component: source component 0 contribution=0 threshold=900 was lost; 112:error:geometry protected_feature_loss entity=UM field=visible_component: source component 0 contribution=0 threshold=900 was lost; 108:error:geometry protected_feature_loss entity=UM field=visible_component: source component 0 contribution=0 threshold=900 was lost; 104:error:geometry protected_feature_loss entity=UM field=visible_component: source component 0 contribution=0 threshold=900 was lost; 100:error:geometry protected_feature_loss entity=UM field=visible_component: source component 0 contribution=0 threshold=900 was lost; 96:error:geometry protected_feature_loss entity=UM field=visible_component: source component 0 contribution=0 threshold=900 was lost; 80:error:geometry protected_feature_loss entity=UM field=visible_component: source component 0 contribution=0 threshold=900 was lost; 64:error:geometry protected_feature_loss entity=UM field=visible_component: source component 0 contribution=0 threshold=900 was lost; 48:error:geometry protected_feature_loss entity=UM field=visible_component: source component 0 contribution=0 threshold=900 was lost; 32:error:geometry protected_feature_loss entity=UM field=visible_component: source component 0 contribution=0 threshold=900 was lost; 24:error:geometry protected_feature_loss entity=UM field=visible_component: source component 0 contribution=0 threshold=900 was lost; 16:error:geometry protected_feature_loss entity=UM field=visible_component: source component 0 contribution=0 threshold=900 was lost; 12:error:geometry protected_feature_loss entity=UM field=visible_component: source component 0 contribution=0 threshold=900 was lost; 8:error:geometry protected_feature_loss entity=UM field=visible_component: source component 0 contribution=0 threshold=900 was lost
US	un	compact	pass	192	0.981938	0.994772	2099	2379	337	
US	un	standard	pass	320	0.983751	0.995705	4146	4426	327	
US	de_facto	compact	pass	192	0.981938	0.994772	2099	2379	337	
US	de_facto	standard	pass	320	0.983751	0.995705	4146	4426	327	
UY	un	compact	pass	160	0.997934	0.998995	1983	2263	0	
UY	un	standard	pass	512	0.999888	0.999936	4668	4948	0	
UY	de_facto	compact	pass	160	0.997934	0.998995	1983	2263	0	
UY	de_facto	standard	pass	512	0.999888	0.999936	4668	4948	0	
UZ	un	compact	pass	160	0.991093	0.995527	1993	2273	1	
UZ	un	standard	pass	512	0.997900	0.999493	5988	6268	0	
UZ	de_facto	compact	pass	160	0.991093	0.995527	1993	2273	1	
UZ	de_facto	standard	pass	512	0.997900	0.999493	5988	6268	0	
VA	un	compact	pass	512	0.967678	0.979452	67	347	0	
VA	un	standard	pass	512	0.966432	0.977911	77	357	0	
VA	de_facto	compact	pass	512	0.967678	0.979452	67	347	0	
VA	de_facto	standard	pass	512	0.966432	0.977911	77	357	0	
VC	un	compact	pass	512	0.999697	1.000000	707	987	0	
VC	un	standard	pass	512	0.999693	0.999905	791	1071	0	
VC	de_facto	compact	pass	512	0.999697	1.000000	707	987	0	
VC	de_facto	standard	pass	512	0.999693	0.999905	791	1071	0	
VE	un	compact	pass	108	0.987185	0.994455	2162	2442	25	
VE	un	standard	pass	320	0.993743	0.998838	7167	7447	15	
VE	de_facto	compact	pass	126	0.987860	0.995260	2199	2479	26	
VE	de_facto	standard	pass	320	0.993471	0.998614	6364	6644	17	
VG	un	compact	pass	512	0.979549	0.999646	813	1093	0	
VG	un	standard	pass	512	0.979077	0.999625	925	1205	0	
VG	de_facto	compact	pass	512	0.979549	0.999646	813	1093	0	
VG	de_facto	standard	pass	512	0.979077	0.999625	925	1205	0	
VI	un	compact	pass	512	0.999402	0.999701	648	928	0	
VI	un	standard	pass	512	0.999789	0.999930	740	1020	0	
VI	de_facto	compact	pass	512	0.999402	0.999701	648	928	0	
VI	de_facto	standard	pass	512	0.999789	0.999930	740	1020	0	
VN	un	compact	pass	128	0.968561	0.985294	1939	2219	23	
VN	un	standard	pass	320	0.984372	0.994953	6255	6535	17	
VN	de_facto	compact	pass	128	0.968561	0.985294	1939	2219	23	
VN	de_facto	standard	pass	320	0.984372	0.994953	6255	6535	17	
VU	un	compact	pass	192	0.892285	0.972159	1866	2146	10	
VU	un	standard	pass	512	0.921846	0.994702	5344	5624	0	
VU	de_facto	compact	pass	192	0.892285	0.972159	1866	2146	10	
VU	de_facto	standard	pass	512	0.921846	0.994702	5344	5624	0	
WF	un	compact	pass	512	0.998985	0.999323	295	575	0	
WF	un	standard	pass	512	0.999029	0.999299	338	618	0	
WF	de_facto	compact	pass	512	0.998985	0.999323	295	575	0	
WF	de_facto	standard	pass	512	0.999029	0.999299	338	618	0	
WS	un	compact	pass	512	0.999869	1.000000	1129	1409	0	
WS	un	standard	pass	512	0.999723	0.999784	1284	1564	0	
WS	de_facto	compact	pass	512	0.999869	1.000000	1129	1409	0	
WS	de_facto	standard	pass	512	0.999723	0.999784	1284	1564	0	
YE	un	compact	pass	256	0.997783	0.998732	1978	2258	4	
YE	un	standard	pass	512	0.998829	0.999649	4037	4317	1	
YE	de_facto	compact	pass	256	0.997783	0.998732	1978	2258	4	
YE	de_facto	standard	pass	512	0.998829	0.999649	4037	4317	1	
YT	un	compact	pass	512	0.999683	0.999937	833	1113	0	
YT	un	standard	pass	512	0.999554	0.999784	963	1243	0	
YT	de_facto	compact	pass	512	0.999683	0.999937	833	1113	0	
YT	de_facto	standard	pass	512	0.999554	0.999784	963	1243	0	
ZA	un	compact	pass	256	0.995706	0.997996	2050	2330	1	
ZA	un	standard	pass	512	0.998071	0.999167	4636	4916	1	
ZA	de_facto	compact	pass	256	0.995706	0.997996	2050	2330	1	
ZA	de_facto	standard	pass	512	0.998071	0.999167	4636	4916	1	
ZM	un	compact	pass	128	0.995062	0.997581	1816	2096	0	
ZM	un	standard	pass	512	0.999388	0.999694	6338	6618	0	
ZM	de_facto	compact	pass	128	0.995062	0.997581	1816	2096	0	
ZM	de_facto	standard	pass	512	0.999388	0.999694	6338	6618	0	
ZW	un	compact	pass	192	0.998299	0.999118	2085	2365	0	
ZW	un	standard	pass	512	0.999754	0.999875	4588	4868	0	
ZW	de_facto	compact	pass	192	0.998299	0.999118	2085	2365	0	
ZW	de_facto	standard	pass	512	0.999754	0.999875	4588	4868	0	
